asset_id,release_name,size,sha256,kind,mime
adhan/abd_alrazaq_saleh_adhan_lubnan_83d71480327a.opus,adhan__abd_alrazaq_saleh_adhan_lubnan_83d71480327a.opus,1251543,20683c7fe7907a36aba3505e9deabf56ed37b8bacfd88262192fd9f8ba7b6b7e,adhan-audio,audio/opus
adhan/abdel_moneim_abdel_mobdi_adhan_c3460e1ab635.opus,adhan__abdel_moneim_abdel_mobdi_adhan_c3460e1ab635.opus,621267,698cedca836237a5e6e45246da623bdb7a9db119d33617279efd5b244b471634,adhan-audio,audio/opus
adhan/abdu_al_karem_jabare_adhan_e659e9128faf.opus,adhan__abdu_al_karem_jabare_adhan_e659e9128faf.opus,879692,9f41298d2fcbeb68fd6574e17db4768ee2f35e07996db9168a3aba37ee23c48f,adhan-audio,audio/opus
adhan/abdul_rahman_al_arake_adhan_06a860dce992.opus,adhan__abdul_rahman_al_arake_adhan_06a860dce992.opus,1487161,49c4b63f32504c5b3ad68b51bec94e61432c7f202485923fa30ed6a69f5de0c8,adhan-audio,audio/opus
adhan/abdul_rahman_al_arake_adhan_ee104f375ae5.opus,adhan__abdul_rahman_al_arake_adhan_ee104f375ae5.opus,1179192,623c9f57952b8cdd22dd13d1d4810c54a85f671c711773f60656f6cb1bf78f2d,adhan-audio,audio/opus
adhan/abdul_rahman_al_arake_adhan_f0e3b7062e99.opus,adhan__abdul_rahman_al_arake_adhan_f0e3b7062e99.opus,1394985,ffe4ea9e58347b5faa8b4e2f7cacf93abb440335f7d24152d18294735f4df51d,adhan-audio,audio/opus
adhan/abdul_rahman_kassab_adhan_0f9525955696.opus,adhan__abdul_rahman_kassab_adhan_0f9525955696.opus,703504,92aecaecd5114c7a16adb7ec9554b3c3a991525e2c0c011a31582cd69c2dd993,adhan-audio,audio/opus
adhan/abdul_rahman_kassab_adhan_2cb233a7a776.opus,adhan__abdul_rahman_kassab_adhan_2cb233a7a776.opus,694776,340d5fcaac5ea57fc5013e153ab5eab8503d24114944ae804a691bd4835e0f85,adhan-audio,audio/opus
adhan/abdul_rahman_majde_adhan_ca451594384d.opus,adhan__abdul_rahman_majde_adhan_ca451594384d.opus,815352,ed404805e3bba2a0be9fa8d429d79b64dd8b00c4685f864b6eef2b203553506d,adhan-audio,audio/opus
adhan/abdulah_al_dahbe_adhan_mesr_c2f802f38c47.opus,adhan__abdulah_al_dahbe_adhan_mesr_c2f802f38c47.opus,1357302,d3f15916fc5c46aee589962cd55dbb2262a9ab4e2a722518d74874bb5b9fe444,adhan-audio,audio/opus
adhan/abdulah_al_maknawe_adhan_af79859edca6.opus,adhan__abdulah_al_maknawe_adhan_af79859edca6.opus,795878,c8a67b388abd4f4f1cac3f5006786256c30c142c6d2670e08260cb7d2da54485,adhan-audio,audio/opus
adhan/abdulah_al_sabaawe_adhan_45bf762b4f22.opus,adhan__abdulah_al_sabaawe_adhan_45bf762b4f22.opus,935040,a66bb48a263010afde95122301cfeff8cbd4d754c351c37c09f403c4054af845,adhan-audio,audio/opus
adhan/abdulbasit_abdusamad_adhan_al_fajr_messr_1125f640d83b.opus,adhan__abdulbasit_abdusamad_adhan_al_fajr_messr_1125f640d83b.opus,1254295,b5db1ed8d57b10abf1f8d75bb64726deb740bd5bef058f745cafc6688c9da227,adhan-audio,audio/opus
adhan/abdulbasit_abdusamad_adhan_al_fajr_messr_4318b757fd42.opus,adhan__abdulbasit_abdusamad_adhan_al_fajr_messr_4318b757fd42.opus,910664,38ee16df53b7e5ddf37816a3e6c9931aaa41a237cabffe3e3ed367524743a5a1,adhan-audio,audio/opus
adhan/abdulbasit_abdusamad_adhan_al_qahera_messr_02f1bec971bb.opus,adhan__abdulbasit_abdusamad_adhan_al_qahera_messr_02f1bec971bb.opus,967158,d3d6f784c606e12076c057b1ed52d10db8a43de597fc2aa638d780d28dccd8b5,adhan-audio,audio/opus
adhan/abdulbasit_abdusamad_adhan_messr_0e56abfb1eb3.opus,adhan__abdulbasit_abdusamad_adhan_messr_0e56abfb1eb3.opus,1270705,c7605b8bae05e07720c3146e87dd755e9839622ae23026be984457c70c060d07,adhan-audio,audio/opus
adhan/abdulbasit_abdusamad_adhan_messr_1a014366658c.opus,adhan__abdulbasit_abdusamad_adhan_messr_1a014366658c.opus,1174042,6c66a5f79fa34b75b510fd71b38e679ea5611074261d62d7c8e865dc5db8faf1,adhan-audio,audio/opus
adhan/abdulbasit_abdusamad_adhan_messr_566852c1d145.opus,adhan__abdulbasit_abdusamad_adhan_messr_566852c1d145.opus,818183,82387bcc16f2c890a0803ed8651e66c2c1b516d3006952dd78ac8e95ca4e7e96,adhan-audio,audio/opus
adhan/abdulbasit_abdusamad_adhan_messr_d336be9b95d7.opus,adhan__abdulbasit_abdusamad_adhan_messr_d336be9b95d7.opus,864749,1281fcdc12c908ed76287e7c4acfcc0afc65fc656e5fa2c60a27fff4a1f78174,adhan-audio,audio/opus
adhan/abul_ainain_shu'aisha_adhan_al_qahera_messr_414827669391.opus,adhan__abul_ainain_shu'aisha_adhan_al_qahera_messr_414827669391.opus,1041780,01513d918ed9bfe35c4aa55e2f71a1ae12c3c2180f8858b1e3f7c099a14fc958,adhan-audio,audio/opus
adhan/aby_yasser_al_jazaire_adhan_3959e8c5f5d2.opus,adhan__aby_yasser_al_jazaire_adhan_3959e8c5f5d2.opus,645816,918dae565253a15465b44bcc7752ced07cff4e0a540c490e6f56637df3b1907a,adhan-audio,audio/opus
adhan/adal_malek_abdulah_al_massre_adhan_acf3223cf1a5.opus,adhan__adal_malek_abdulah_al_massre_adhan_acf3223cf1a5.opus,1096974,a07c99d47f168b1a59e9f99782d7717133fb7949e3d37d51e8d99b58c678a858,adhan-audio,audio/opus
adhan/adam_abu_sakhra_adhan_d9f8f948565c.opus,adhan__adam_abu_sakhra_adhan_d9f8f948565c.opus,1036334,007eeabbfbd1e1e16fe1fecbbea30894b562f1d777a7e831529d1c50896d8ece,adhan-audio,audio/opus
adhan/adham_al_sharqawe_adhan_cbcd8d249dcc.opus,adhan__adham_al_sharqawe_adhan_cbcd8d249dcc.opus,707257,76d59800169b7dee29b9470a513127bfe2b342b7b85dc5735e121c854a75cf94,adhan-audio,audio/opus
adhan/adhan_al_fajr_al_haram_al_madane_al_madena_al_nabawya_al_saudea_efc564e3b1d2.opus,adhan__adhan_al_fajr_al_haram_al_madane_al_madena_al_nabawya_al_saudea_efc564e3b1d2.opus,1248411,a1eb5de8ec7d01825150d6cdd8d2043350d9f90397061e0caad8d229c0e12f07,adhan-audio,audio/opus
adhan/adhan_al_fajr_al_haram_al_maqe_maqa_al_muqarama_al_saudea_518b4e081437.opus,adhan__adhan_al_fajr_al_haram_al_maqe_maqa_al_muqarama_al_saudea_518b4e081437.opus,1044665,75875f9951220141bf9af10a5ef9cea19943907a0569dcee6180a00f0b2f315c,adhan-audio,audio/opus
adhan/adhan_al_haram_al_madade_al_madena_al_nabaweya_al_saudea_b30ca9a3e115.opus,adhan__adhan_al_haram_al_madade_al_madena_al_nabaweya_al_saudea_b30ca9a3e115.opus,848171,c7d0066fff2dfd3c3ba041c52090be12b8a560de45949d3d4a76812b99fe41f6,adhan-audio,audio/opus
adhan/adhan_al_haram_al_madane_al_madena_al_nabaweya_al_saudea_c84496bf1a8c.opus,adhan__adhan_al_haram_al_madane_al_madena_al_nabaweya_al_saudea_c84496bf1a8c.opus,1154430,2644a59c172129ec2774cb0fc0ad70f0a68b45904b66405ab240959acf0528a9,adhan-audio,audio/opus
adhan/adhan_jamee_al_rajehe_al_saudea_101c4a790ab1.opus,adhan__adhan_jamee_al_rajehe_al_saudea_101c4a790ab1.opus,712392,f65e2acc462ef63cbdcfd122ebc5953e37da788001540b5913915c0e6532a675,adhan-audio,audio/opus
adhan/adhan_jamee_al_rajehe_al_saudea_81c22585afb5.opus,adhan__adhan_jamee_al_rajehe_al_saudea_81c22585afb5.opus,1256286,77e53384c1ffa6dc41c71da1c1d24b629e4841cd2765e4adf6d2f8f4e83f741f,adhan-audio,audio/opus
adhan/adhan_jamee_al_rajehe_al_saudea_d03e858bb952.opus,adhan__adhan_jamee_al_rajehe_al_saudea_d03e858bb952.opus,679318,b89ff75883caddcf3938584006a0d016c1691d98fbca7023a6341ca8bc13e67a,adhan-audio,audio/opus
adhan/adhan_masjed_al_aqssa_al_quds_felessten_03fb23407291.opus,adhan__adhan_masjed_al_aqssa_al_quds_felessten_03fb23407291.opus,734955,c54152ab6bddc83604da2539b132015f43233d045d139873385cd80ccbc736f0,adhan-audio,audio/opus
adhan/ahmad_aamer_muhammad_adhan_1994d371bfc1.opus,adhan__ahmad_aamer_muhammad_adhan_1994d371bfc1.opus,1232003,c0b9078a3790fc2260767b7a128d0d62685272516d386737e9034b723cd57f83,adhan-audio,audio/opus
adhan/ahmad_al_aane_adhan_766e61f1a137.opus,adhan__ahmad_al_aane_adhan_766e61f1a137.opus,1357042,f16a0e34a2b36e604ad93a34e4508fffdd981fb8143860c065309d6137902282,adhan-audio,audio/opus
adhan/ahmad_al_amade_adhan_qatar_232673ccf543.opus,adhan__ahmad_al_amade_adhan_qatar_232673ccf543.opus,913170,8cc391c6f9eaaa8c36356e2c98f8f7c3e09f75e3e278fed3339509a3f80b333e,adhan-audio,audio/opus
adhan/ahmad_al_amade_adhan_qatar_3cf9690b4671.opus,adhan__ahmad_al_amade_adhan_qatar_3cf9690b4671.opus,913711,a4f26d5e888a2fd61882e899560c2bcb13f4dd8941dbd2b2f03adfd264496d89,adhan-audio,audio/opus
adhan/ahmad_al_amade_takberat_al_eid_qatar_b22e0b06946e.opus,adhan__ahmad_al_amade_takberat_al_eid_qatar_b22e0b06946e.opus,1483471,33160e24d763fcf18a84e183d5ff99ed21dacac93cce22c8abe74f6b564c3aca,adhan-audio,audio/opus
adhan/ahmad_al_batal_adhan_e675b3b07c97.opus,adhan__ahmad_al_batal_adhan_e675b3b07c97.opus,1206795,4bcbf7ce244acff48c9ebbb841267ac7397bb3782e7f486249b490dc77256c35,adhan-audio,audio/opus
adhan/ahmad_al_harasses_adhan_23bbed4ace14.opus,adhan__ahmad_al_harasses_adhan_23bbed4ace14.opus,922300,884d81b0750a251adbdd16cbcb954579830e8e293c39c330b45b5d8f4a700ef5,adhan-audio,audio/opus
adhan/ahmad_ali_adhan_a0d6a4e20bc9.opus,adhan__ahmad_ali_adhan_a0d6a4e20bc9.opus,953225,b7cff80f95d8f43b30f88171046d83d4d1733ae58b1933416e92607fd26c18c2,adhan-audio,audio/opus
adhan/ahmad_ali_adhan_messr_f77eba62a35f.opus,adhan__ahmad_ali_adhan_messr_f77eba62a35f.opus,970745,15ee6c65d46cc5004ca7e2eafc2550e3e962fb147d180457357cd86f7b90fc9c,adhan-audio,audio/opus
adhan/ahmad_ali_murtada_adhan_356f39051866.opus,adhan__ahmad_ali_murtada_adhan_356f39051866.opus,896386,b1407bb854e6e24598d1f2cb7c8a554e35dc7c490e9f8163a4ca96d7889b17a0,adhan-audio,audio/opus
adhan/ahmad_fakhru_adhan_jamea_al_imam_muhammad_bnu_abd_al_wahab_al_dafna_qatar_ac58ff63de71.opus,adhan__ahmad_fakhru_adhan_jamea_al_imam_muhammad_bnu_abd_al_wahab_al_dafna_qatar_ac58ff63de71.opus,826222,ad22c9a056ea9d0f860d9dfe561c724572bfab619c5e27628e3f99add13e3464,adhan-audio,audio/opus
adhan/ahmad_nawaf_al_mejlad_adhan_al_fajr_5862e9e11c7a.opus,adhan__ahmad_nawaf_al_mejlad_adhan_al_fajr_5862e9e11c7a.opus,1006600,51ddedd9957647816acc5fba485ab9da71c6c2bb512d74e17f2edbd86bd6610b,adhan-audio,audio/opus
adhan/ahmad_nawaf_al_mejlad_adhan_e5ed59196ed9.opus,adhan__ahmad_nawaf_al_mejlad_adhan_e5ed59196ed9.opus,890443,9065ff68ee2f2bb4e025f6e9b4519dd588eba1da4a3ece3e1fdf4322e21bcc4d,adhan-audio,audio/opus
adhan/ahmd_at_trablsy_adhan_0ac57c399dc8.opus,adhan__ahmd_at_trablsy_adhan_0ac57c399dc8.opus,1286006,46ba05534f23be2b9f155bc0685e7a4c1fccc001acba77a3190dfcaadd9c4127,adhan-audio,audio/opus
adhan/ahmd_at_trablsy_adhan_37a192967b75.opus,adhan__ahmd_at_trablsy_adhan_37a192967b75.opus,1270653,a749a78d2b3fe9cc12de846bc3d4c4015ee026280e8b350a4812b9e05774f91f,adhan-audio,audio/opus
adhan/ahmd_at_trablsy_adhan_69dbed4439df.opus,adhan__ahmd_at_trablsy_adhan_69dbed4439df.opus,1134771,f036e7e5dd75e8745ad66b5988e2d7dd1bed40a95f4412a295821e2a21c4a688,adhan-audio,audio/opus
adhan/ahmd_at_trablsy_adhan_9302b5c2153b.opus,adhan__ahmd_at_trablsy_adhan_9302b5c2153b.opus,1077993,1ce191fdea70c2d637808110c178c48e328bf988d318b0f4264e48b50a789bb3,adhan-audio,audio/opus
adhan/ahmd_at_trablsy_adhan_ebfa3977664d.opus,adhan__ahmd_at_trablsy_adhan_ebfa3977664d.opus,1154479,2a4f717a3ff5af071445345f6779c30390f70b3e71faa10b126ac9f11e5e6c14,adhan-audio,audio/opus
adhan/ahmd_at_trablsy_adhan_fajr_al_kuwait_31f4182515ea.opus,adhan__ahmd_at_trablsy_adhan_fajr_al_kuwait_31f4182515ea.opus,1077993,83e1370a5a10659702519bb9bf8392940804cde54e56c47c93f3ae8f1e324477,adhan-audio,audio/opus
adhan/ahmed_al_haddad_adhan_f30b7631d625.opus,adhan__ahmed_al_haddad_adhan_f30b7631d625.opus,780680,7fe15f95399f57a0f2784c80922f18709a730098a811a5c14dce45900b7b9e2e,adhan-audio,audio/opus
adhan/ahmed_el_kourdi_adhan_8c052a5edec1.opus,adhan__ahmed_el_kourdi_adhan_8c052a5edec1.opus,923323,f572006eec4ceb54d59d9ef2b7b5e2a4f62a0456d8cb33cbe240155a7cae5e37,adhan-audio,audio/opus
adhan/ahmed_nuinaa_adhan_al_qahera_messr_da48b2a26635.opus,adhan__ahmed_nuinaa_adhan_al_qahera_messr_da48b2a26635.opus,927088,12f01b921c0bc3c4d909994912b77b26cdd24f301ae7e9b0d483dd42e7a68c9b,adhan-audio,audio/opus
adhan/ahmed_nuinaa_adhan_messr_97ff79250506.opus,adhan__ahmed_nuinaa_adhan_messr_97ff79250506.opus,964116,d2295f3bd1c4adb0cd0c6f3b9a62b9187c268d43439287c1e34b33b7c64fd39d,adhan-audio,audio/opus
adhan/akhdam_bnu_al_madane_adhan_3d8ef25160a8.opus,adhan__akhdam_bnu_al_madane_adhan_3d8ef25160a8.opus,947037,d3313e60b5523b5369676430992f2eb1f46b9ae66b065623617d83687a6230be,adhan-audio,audio/opus
adhan/al_ameen_muhammad_qanyouh_adhan_591080dd2e06.opus,adhan__al_ameen_muhammad_qanyouh_adhan_591080dd2e06.opus,1119970,c5820eb60e2d24afc3f844a95c76e0c40da97b6d41e81ba6fad7a80c9b6e33f8,adhan-audio,audio/opus
adhan/al_bahlul_abu_arqub_adhan_1077f911aaf9.opus,adhan__al_bahlul_abu_arqub_adhan_1077f911aaf9.opus,1104270,456394a404cc607d82defb6ba13baa1d46b9b0a53e44f747d5f07273884f0d28,adhan-audio,audio/opus
adhan/al_bahlul_abu_arqub_adhan_d319fff24477.opus,adhan__al_bahlul_abu_arqub_adhan_d319fff24477.opus,1028620,7204cb2d94613d1fe01341df01df3fdce3f96c715de16763211f1cca27a0f50a,adhan-audio,audio/opus
adhan/al_duqale_muhammad_al_alam_adhan_c5c12e0cdba9.opus,adhan__al_duqale_muhammad_al_alam_adhan_c5c12e0cdba9.opus,577224,18b1721d869ad7a60318ac0b998ebbd92d85df521f483f9a1ca436ce01d61c70,adhan-audio,audio/opus
adhan/al_saed_metwale_al_aal_adhan_152f81cfd66c.opus,adhan__al_saed_metwale_al_aal_adhan_152f81cfd66c.opus,810842,137ec2209b9e5b75a1b05de8afd066988775fd93db31f47b0ed08b5b7fe2faea,adhan-audio,audio/opus
adhan/al_sayed_muslim_adhan_9d5456d06e1e.opus,adhan__al_sayed_muslim_adhan_9d5456d06e1e.opus,1487207,1dc9f51a653d128832c89b0af0f6e359e80be66fc87642451ca60ab2b1f740c5,adhan-audio,audio/opus
adhan/ali_hassan_abd_al_khaliq_adhan_jamee_al_emam_muhammad_bnu_abd_al_wahab_al_dafna_qatar_27662a08c410.opus,adhan__ali_hassan_abd_al_khaliq_adhan_jamee_al_emam_muhammad_bnu_abd_al_wahab_al_dafna_qatar_27662a08c410.opus,720574,4b3611f07650ddfd89cffb4fa60e5acaec89f645cb0fc9e141f6d338ad17605b,adhan-audio,audio/opus
adhan/ali_ibn_ahmad_mala_adhan_al_haram_al_makee_maqa_al_muqarama_al_saudia_54944191e2e2.opus,adhan__ali_ibn_ahmad_mala_adhan_al_haram_al_makee_maqa_al_muqarama_al_saudia_54944191e2e2.opus,1144822,053f3af6b21ef5bf8836400b23f655f75a43d118b54b5c6203a1631bb1e1cc4b,adhan-audio,audio/opus
adhan/ali_ibn_ahmad_mala_adhan_al_haram_al_maqe_maqa_al_muqarama_al_saudea_166d1f7c435a.opus,adhan__ali_ibn_ahmad_mala_adhan_al_haram_al_maqe_maqa_al_muqarama_al_saudea_166d1f7c435a.opus,954252,ae5d634a883408d475ab864df89cb398798d4ba4316ae7aea0063927637523d9,adhan-audio,audio/opus
adhan/ali_ibn_ahmad_mala_adhan_al_haram_al_maqe_maqa_al_muqarama_al_saudea_3b44ab2cf844.opus,adhan__ali_ibn_ahmad_mala_adhan_al_haram_al_maqe_maqa_al_muqarama_al_saudea_3b44ab2cf844.opus,830218,aeef1f9c7885a9be020a43458416143b46f696b2d1d77d4938379b9ea93fc489,adhan-audio,audio/opus
adhan/ali_ibn_ahmad_mala_adhan_al_haram_al_maqe_maqa_al_muqarama_al_saudea_77873f64ead9.opus,adhan__ali_ibn_ahmad_mala_adhan_al_haram_al_maqe_maqa_al_muqarama_al_saudea_77873f64ead9.opus,762624,aa90457d011e6722d2cba7c475621e95006a6faf087890897fee2cbd6398a710,adhan-audio,audio/opus
adhan/ali_ibn_ahmad_mala_adhan_al_haram_al_maqe_maqa_al_muqarama_al_saudea_a3c148ae770f.opus,adhan__ali_ibn_ahmad_mala_adhan_al_haram_al_maqe_maqa_al_muqarama_al_saudea_a3c148ae770f.opus,987211,62ae1c9b5566761c67275fa4d6e190fa70806d6cf451415d57cc2c700a36d4f6,adhan-audio,audio/opus
adhan/ali_ibn_ahmad_mala_adhan_al_haram_al_maqe_maqa_al_muqarama_al_saudea_a4ab138564ce.opus,adhan__ali_ibn_ahmad_mala_adhan_al_haram_al_maqe_maqa_al_muqarama_al_saudea_a4ab138564ce.opus,931785,a3f2858c5a6b710b1731f580cf61bbc049e4e60defe4d1d8e2312ae8139e77e8,adhan-audio,audio/opus
adhan/ali_ibn_ahmad_mala_taqberat_al_eid_al_haram_al_maqi_maqa_al_muqarama_al_saudea_e78f06a068fc.opus,adhan__ali_ibn_ahmad_mala_taqberat_al_eid_al_haram_al_maqi_maqa_al_muqarama_al_saudea_e78f06a068fc.opus,341147,8364f625eb3fba315e28b2bd94debfdbe164e29f9d6cbbeda591358930376913,adhan-audio,audio/opus
adhan/anuar_duman_adhan_turkia_4da17588fe1b.opus,adhan__anuar_duman_adhan_turkia_4da17588fe1b.opus,1430390,01915f522fc8021a6a67e6225c5dc03a34e264463b2f0b57f6b7ee63ccc5257b,adhan-audio,audio/opus
adhan/assem_bukhrare_adhan_al_haram_al_maqe_maqa_al_muqarama_al_saudea_7487fa449eeb.opus,adhan__assem_bukhrare_adhan_al_haram_al_maqe_maqa_al_muqarama_al_saudea_7487fa449eeb.opus,1254079,4d96c6a5855265083071e0db524b8bd169aeee4c3540b79fdc4d785422124f9b,adhan-audio,audio/opus
adhan/badee_jadu_adhan_525b55254e29.opus,adhan__badee_jadu_adhan_525b55254e29.opus,954817,cc6fc3e95a00d6bd0d44b59249f0b6229345562d12c83613a9edb96e304f0812,adhan-audio,audio/opus
adhan/badee_jadu_adhan_a88b936d08a9.opus,adhan__badee_jadu_adhan_a88b936d08a9.opus,1144040,862799925616fbb1fa771aa85be311333e7620577fbbbc5c9f3e9cb9e3342c97,adhan-audio,audio/opus
adhan/badee_jadu_adhan_f0c14e23d534.opus,adhan__badee_jadu_adhan_f0c14e23d534.opus,938358,db343cc82003df9fa420bc109133e501eb0e6cf44d2dac5ce6231c8fc9d066ea,adhan-audio,audio/opus
adhan/balbasher_abdel_qadir_adhan_edc62005fb50.opus,adhan__balbasher_abdel_qadir_adhan_edc62005fb50.opus,531310,4a16d9783b7626e1653edda44e853dc24f48f41af02401282bbd0a9e8f5bf437,adhan-audio,audio/opus
adhan/bnu_sawana_adhan_0dbbe429d7d2.opus,adhan__bnu_sawana_adhan_0dbbe429d7d2.opus,701879,9ce67a2a33a6f507131b1503c2b6d80424d146d2e6226b55523cac0abbd26ef9,adhan-audio,audio/opus
adhan/bnu_sawana_adhan_ca039c2aa2ca.opus,adhan__bnu_sawana_adhan_ca039c2aa2ca.opus,691398,5d65286a2296251a703655a47bb653510d0fa117f9fea6fc500b4897447f0799,adhan-audio,audio/opus
adhan/ezzedine_amarna_adhan_651e00a18442.opus,adhan__ezzedine_amarna_adhan_651e00a18442.opus,1082864,7e30791d655d6a2f7033edee8a15155f4e2f0cdce2762849cfd685e71e02448d,adhan-audio,audio/opus
adhan/fares_abdul_ghane_adhan_82e70e435a79.opus,adhan__fares_abdul_ghane_adhan_82e70e435a79.opus,1461818,4f67929f2b4b27d036e68ec067ca12bee30528d40dd06182c268c2513d7d3592,adhan-audio,audio/opus
adhan/faruq_abdul_rahman_hadrawe_adhan_al_haram_al_maqe_maqa_al_muqarama_al_saudea_1aadb2df7d5c.opus,adhan__faruq_abdul_rahman_hadrawe_adhan_al_haram_al_maqe_maqa_al_muqarama_al_saudea_1aadb2df7d5c.opus,1360107,bb50a3a7b108170b074fd74f3e0932c6de71e49f8d2a28aa75efd756322b3bbf,adhan-audio,audio/opus
adhan/fawaz_farhan_al_dumane_adhan_7864560c8f5e.opus,adhan__fawaz_farhan_al_dumane_adhan_7864560c8f5e.opus,603580,c3f7543ee83855e1300e15c8eb86ca264bba7e247007b1ac56e924afdc9edf65,adhan-audio,audio/opus
adhan/fayz_adb_al_salam_adhan_d55c09c3357c.opus,adhan__fayz_adb_al_salam_adhan_d55c09c3357c.opus,388956,76c37f3443f2d7ecd7373279f837da3b3cde5b8b183ac18b10149272bcc18f49,adhan-audio,audio/opus
adhan/hafed_hessen_erq_adhan_aeab77ef8810.opus,adhan__hafed_hessen_erq_adhan_aeab77ef8810.opus,539135,4f40a483ae157362419db6fd307a0b311b1c9cf343242bdefeaae0b7f71becf8,adhan-audio,audio/opus
adhan/haj_sulaiman_mukhtar_adhan_al_jazaer_251cb703bcad.opus,adhan__haj_sulaiman_mukhtar_adhan_al_jazaer_251cb703bcad.opus,848841,38af4a07dba5cf8407e5ddb3019491b020b1f79303d7a6c045c680a50f65da57,adhan-audio,audio/opus
adhan/hamad_al_daghriri_adhan_08008b8fec6c.opus,adhan__hamad_al_daghriri_adhan_08008b8fec6c.opus,1147497,87111f911c6a0fe5b02fcbea45520d725465a956e11454a6261512ace8580f7c,adhan-audio,audio/opus
adhan/hamdan_al_maleke_adhan_jamee_al_malek_fahd_najran_al_saudea_2bdf5fda46cf.opus,adhan__hamdan_al_maleke_adhan_jamee_al_malek_fahd_najran_al_saudea_2bdf5fda46cf.opus,1277225,04d0e182edbc87c1e50ae66c43e30adcb3b739441d11f7626557cdffd6136b61,adhan-audio,audio/opus
adhan/hamza_al_halabea_adhan_4fa42504da3b.opus,adhan__hamza_al_halabea_adhan_4fa42504da3b.opus,1362482,1a6e4ecd11a1b450da45e6f11432879c08a86be1b0ebf4adec214e3a0d69ae8b,adhan-audio,audio/opus
adhan/hamza_al_majale_adhan_495dea4f4ea5.opus,adhan__hamza_al_majale_adhan_495dea4f4ea5.opus,789673,21719c2a0c8f4d6505a56830584e79c71584254bc2a082cc6ec35e323a4e3cd2,adhan-audio,audio/opus
adhan/hassan_khalfan_adhan_jamee_al_emam_muhammad_bnu_abd_al_wahab_al_dafna_qatar_ebdaa88540dd.opus,adhan__hassan_khalfan_adhan_jamee_al_emam_muhammad_bnu_abd_al_wahab_al_dafna_qatar_ebdaa88540dd.opus,914266,08550645e5998cc4b40db968d5a34b29d7247ba08cbebec509f5988ee22914c1,adhan-audio,audio/opus
adhan/hassan_mahmud_bare_adhan_ddc60a4c3bc6.opus,adhan__hassan_mahmud_bare_adhan_ddc60a4c3bc6.opus,849505,3edc133392268bb13650ac9f569cd39b4cfbac4472a23c23a316e1cbc4dbb6df,adhan-audio,audio/opus
adhan/hassan_salah_baalul_adhan_a031983fa2b6.opus,adhan__hassan_salah_baalul_adhan_a031983fa2b6.opus,809245,d14472eec6c7bd72780d892629f76d6eb34e0d31c9ec8f3778ce962618f9fe71,adhan-audio,audio/opus
adhan/hecham_khalel_adhan_bb9f1f375a27.opus,adhan__hecham_khalel_adhan_bb9f1f375a27.opus,603517,a6decf795a7db196ec5d8ab8076778dddfd2fc4b486b6bc204eb7622639cdeee,adhan-audio,audio/opus
adhan/hussam_al_deen_obade_adhan_c5c9053ff919.opus,adhan__hussam_al_deen_obade_adhan_c5c9053ff919.opus,710913,30f1adb0978293d5fdd4ab639399e4aafcdd51d11a0025e8ad4ecb98423fd0cb,adhan-audio,audio/opus
adhan/ibraheem_al_jumayle_adhan_a3194e614319.opus,adhan__ibraheem_al_jumayle_adhan_a3194e614319.opus,760070,d20566c231ba0bf926a31574f4b14482a41570418356be32ebdc65482a47de22,adhan-audio,audio/opus
adhan/ibraheem_jabar_adhan_671bd7114293.opus,adhan__ibraheem_jabar_adhan_671bd7114293.opus,1384126,6877308cdb3f07f0f40af2a02c8561279899e25e848f15d3f2552461f29a0c41,adhan-audio,audio/opus
adhan/ibraheem_jabar_adhan_f477362a775e.opus,adhan__ibraheem_jabar_adhan_f477362a775e.opus,982655,fe9d885c3c96a6b1e407d4dc51727da9bf25ec38c274a6542b02f1ea71ca7039,adhan-audio,audio/opus
adhan/ibraheem_jabr_abu_raheq_adhan_al_fajr_dcc77fd7b6a1.opus,adhan__ibraheem_jabr_abu_raheq_adhan_al_fajr_dcc77fd7b6a1.opus,1451627,cbf90af883e51e7c7f356489172102ebd7d02aa6dc3bf32d40624ac7a3c7acef,adhan-audio,audio/opus
adhan/ibraheem_jabr_abu_raheq_adhan_e37acc95ebe1.opus,adhan__ibraheem_jabr_abu_raheq_adhan_e37acc95ebe1.opus,2140077,ce2c67c8d8969eab60c68ec117156e8c7f1c11189679fe3ac775122b32ce9349,adhan-audio,audio/opus
adhan/ihssan_hamed_al_dulayme_adhan_79a61f53cdbe.opus,adhan__ihssan_hamed_al_dulayme_adhan_79a61f53cdbe.opus,962476,95d1c0132d75e7ecb5590f40c387d10f18b5d5f09be1019b949c9a4f12b53c02,adhan-audio,audio/opus
adhan/islam_yassen_adhan_12cd996ece7f.opus,adhan__islam_yassen_adhan_12cd996ece7f.opus,692684,b6213d62bf127693a904c01d45f8aefe36f151029265ee184ad4d3e60cc55362,adhan-audio,audio/opus
adhan/ismail_al_sheikh_adhan_6734c28f3a2d.opus,adhan__ismail_al_sheikh_adhan_6734c28f3a2d.opus,872626,09b55272f6046116675adc3b13f8bbe631ca801163227fcc6a456e0ee923de91,adhan-audio,audio/opus
adhan/issa_al_hajlawe_adhan_a56ded8b4a29.opus,adhan__issa_al_hajlawe_adhan_a56ded8b4a29.opus,642515,069b1001c110d10801e412e3434c7dd7cdda46b383a16b9fac58d08eef3981a1,adhan-audio,audio/opus
adhan/jamal_abu_al_hamed_al_jaafare_adhan_83a95150c12f.opus,adhan__jamal_abu_al_hamed_al_jaafare_adhan_83a95150c12f.opus,678501,1a43440b189c85e046a7840d6bc15a33a81d250acf639e00d66776de7af719a6,adhan-audio,audio/opus
adhan/kamal_muhammad_al_marush_adhan_al_maghreb_dedbc7c0f60c.opus,adhan__kamal_muhammad_al_marush_adhan_al_maghreb_dedbc7c0f60c.opus,768780,31c0a52dbb9a63141167ea2e074275d2df1feea8f8f7ad4483d3a9d2e68471ea,adhan-audio,audio/opus
adhan/kamal_muhammad_al_marush_adhan_faf99a86e98d.opus,adhan__kamal_muhammad_al_marush_adhan_faf99a86e98d.opus,844158,ea94138f679510fe097acb847a2d0a03212413dd9723b85a87fb221ea0a832e4,adhan-audio,audio/opus
adhan/mahde_al_bechee_adhan_9847153e75b3.opus,adhan__mahde_al_bechee_adhan_9847153e75b3.opus,1157259,b494fb0c681693775deb57037d0c5adb47cf419ce4b8848757e2b7a0834a8622,adhan-audio,audio/opus
adhan/mahmoud_ali_al_banna_adhan_al_qahera_messr_48f9d6984758.opus,adhan__mahmoud_ali_al_banna_adhan_al_qahera_messr_48f9d6984758.opus,850063,a5b3881993290cd455980677783439cce73bdf873272f654bba3ac1c59914bbc,adhan-audio,audio/opus
adhan/mahmoud_khalil_al_hussary_adhan_al_qahera_messr_cdb24a4bd658.opus,adhan__mahmoud_khalil_al_hussary_adhan_al_qahera_messr_cdb24a4bd658.opus,599918,fa72945b6b6eed1e3e79c240767d3e219b12723ced1342612338961417b5402a,adhan-audio,audio/opus
adhan/mahmud_al_tawakh_adhan_8cac04ba4137.opus,adhan__mahmud_al_tawakh_adhan_8cac04ba4137.opus,1429170,462d3520c29629338c0744639699359a1a0c4f885a4ffb84a34d3fa99354cc9b,adhan-audio,audio/opus
adhan/mahmud_al_tawakh_adhan_masjed_al_refae_al_qahera_mesr_bdf9f3101b4c.opus,adhan__mahmud_al_tawakh_adhan_masjed_al_refae_al_qahera_mesr_bdf9f3101b4c.opus,976648,fa81bf8c8419b95a3647556051d83eb6e0d6f94c41843409a7465faceeb3b2e6,adhan-audio,audio/opus
adhan/mahmud_mustafa_al_najar_adhan_8e9025f379f2.opus,adhan__mahmud_mustafa_al_najar_adhan_8e9025f379f2.opus,679831,63e8ef1c3e2f4ce3055b2c63a3033dae96170b2b54163d2b27bda56d771a5538,adhan-audio,audio/opus
adhan/mansur_al_zahrane_adhan_cb51ad2c0c7e.opus,adhan__mansur_al_zahrane_adhan_cb51ad2c0c7e.opus,828084,bb638a64336c83ba039d89f11572d782f5d64b27c9d9ffee87a3cc441900e4ce,adhan-audio,audio/opus
adhan/mishary_rashid_alafasy_adhan_al_fajr_al_kuwait_b91e1c5095cd.opus,adhan__mishary_rashid_alafasy_adhan_al_fajr_al_kuwait_b91e1c5095cd.opus,1483390,893502df12eededc4b348eef403aeab935b564d71b3362a20d94dd8f0dcbb429,adhan-audio,audio/opus
adhan/mishary_rashid_alafasy_adhan_al_fajr_al_kuwait_ddb21f7363eb.opus,adhan__mishary_rashid_alafasy_adhan_al_fajr_al_kuwait_ddb21f7363eb.opus,875126,de9901606492f5b64dc82c6145f5d2ad437ecce0e85824efb95c4a3c20060ab0,adhan-audio,audio/opus
adhan/mishary_rashid_alafasy_adhan_al_kuwait_b45e93f1efb3.opus,adhan__mishary_rashid_alafasy_adhan_al_kuwait_b45e93f1efb3.opus,1189552,36cd72c90b093f8ce0b6b16e405fd47d72ede52d18b98a109408f02ca2aac493,adhan-audio,audio/opus
adhan/mishary_rashid_alafasy_adhan_al_kuwait_e9ab8052fdb8.opus,adhan__mishary_rashid_alafasy_adhan_al_kuwait_e9ab8052fdb8.opus,1314545,bee2a521816f769ba91dc9aaa38d01e2e1988c0f26ba725bc2b6dd7708aac7dd,adhan-audio,audio/opus
adhan/mohamed_siddiq_el_minshawi_adhan_afganistan_984f3e129c8c.opus,adhan__mohamed_siddiq_el_minshawi_adhan_afganistan_984f3e129c8c.opus,778794,ebd9488b8120a9a3f0707c24cd4b837128eb4c691a2a85106062539e43b58b74,adhan-audio,audio/opus
adhan/mohamed_siddiq_el_minshawi_adhan_messr_5771e6a59f2b.opus,adhan__mohamed_siddiq_el_minshawi_adhan_messr_5771e6a59f2b.opus,1282616,18812063eacffdd48c83a308d083e34f0ee85d7322a448f1df620b9f7f8c8526,adhan-audio,audio/opus
adhan/mohamed_siddiq_el_minshawi_adhan_messr_a2b25725149e.opus,adhan__mohamed_siddiq_el_minshawi_adhan_messr_a2b25725149e.opus,1074802,0e007fed302dffbfb1c83f368e88dab5c47439a4b78872615cda7dec59271e61,adhan-audio,audio/opus
adhan/mohammed_salahuddin_kabbara_adhan_6a992c01763d.opus,adhan__mohammed_salahuddin_kabbara_adhan_6a992c01763d.opus,1048312,d332b2b9b63a629b2421f4fa065c16edd723a72fab0297cb30faca4c04eb30bc,adhan-audio,audio/opus
adhan/mohammed_salahuddin_kabbara_adhan_8bd66fa73ff9.opus,adhan__mohammed_salahuddin_kabbara_adhan_8bd66fa73ff9.opus,1046564,cb32d35564dc33903bfb694c5316734be2ce7d5bee0239bbc27773ca7efedb6b,adhan-audio,audio/opus
adhan/muad_al_qaseme_adhan_jamee_al_emam_muhammad_bnu_abd_al_wahab_al_dafna_qatar_492b38278518.opus,adhan__muad_al_qaseme_adhan_jamee_al_emam_muhammad_bnu_abd_al_wahab_al_dafna_qatar_492b38278518.opus,1172572,d2350b63d65a78779a4535f8ed53b978038c6e187a39d9d6911bb6696d7bda9a,adhan-audio,audio/opus
adhan/muhammad_abd_al_hakem_adhan_7a837173da2c.opus,adhan__muhammad_abd_al_hakem_adhan_7a837173da2c.opus,740124,1f3e90ac94e9a6f3656453b2d7335bb01f2eca3cf3ae8e52cf9cba0c979430b8,adhan-audio,audio/opus
adhan/muhammad_abu_al_maqarem_adhan_d4f3a1736f99.opus,adhan__muhammad_abu_al_maqarem_adhan_d4f3a1736f99.opus,765491,19316b0b2f44fa7eb6b70b9bc7b750802fa4ac753a3a2f6dac09d3746ca1b47c,adhan-audio,audio/opus
adhan/muhammad_al_damradash_adhan_cd17c7200df5.opus,adhan__muhammad_al_damradash_adhan_cd17c7200df5.opus,874498,fa52d2d6ec697b704160ab4744f9d42c55178fd142ab0ae5382af37c31d9ba1d,adhan-audio,audio/opus
adhan/muhammad_al_kurayne_al_maluke_adhan_061632f7ec55.opus,adhan__muhammad_al_kurayne_al_maluke_adhan_061632f7ec55.opus,1051860,8d03869516eeeda05be6b29e6a1d2436602806e2ecfb683f3adc5bc0d6f29226,adhan-audio,audio/opus
adhan/muhammad_al_kurayne_al_maluke_adhan_229d65e40fdf.opus,adhan__muhammad_al_kurayne_al_maluke_adhan_229d65e40fdf.opus,1045784,cb1e63b2a715247bd08a27676cef4992d4954f1200f1226ee9c5ce6421bd3f14,adhan-audio,audio/opus
adhan/muhammad_al_saed_maher_adhan_0e5fd7cf0c28.opus,adhan__muhammad_al_saed_maher_adhan_0e5fd7cf0c28.opus,878666,4a6b1aa05926d2c4f91304d65e3c06a8ce181967c2863a37682aa2fccff3e98a,adhan-audio,audio/opus
adhan/muhammad_ashraf_aawad_adhan_0c7103f3a045.opus,adhan__muhammad_ashraf_aawad_adhan_0c7103f3a045.opus,824998,2a2dcf65e36e9b36f525bad4cc657b4473e5c972cc72e0b8f632cbf0753c7de0,adhan-audio,audio/opus
adhan/muhammad_ben_mussa_adhan_da87d1a24164.opus,adhan__muhammad_ben_mussa_adhan_da87d1a24164.opus,902464,a4bcfc3e35d47f9c61170f70c19ecbdb020594730c9c1f9725fee6ead3a9a496,adhan-audio,audio/opus
adhan/muhammad_fathe_hantur_adhan_f068e9a33c4e.opus,adhan__muhammad_fathe_hantur_adhan_f068e9a33c4e.opus,801262,a7f8090505a7ccc05564ebd16437a61224e6cc6a68203595230989385b030d64,adhan-audio,audio/opus
adhan/muhammad_hamud_adhan_592e8a809f00.opus,adhan__muhammad_hamud_adhan_592e8a809f00.opus,1213538,57bbaa4957dcfaddf667af6303602862024fd2dafd9bba3ec22d0817eb2f1030,adhan-audio,audio/opus
adhan/muhammad_hamud_adhan_omar_bnu_al_khatab_colombia_f579c205b4b7.opus,adhan__muhammad_hamud_adhan_omar_bnu_al_khatab_colombia_f579c205b4b7.opus,992702,c5f2f8101b4b0c627a5cfd9f9514aa4be560bf1964bd649d9b0089297d4b9fa8,adhan-audio,audio/opus
adhan/muhammad_hessen_al_shahawe_adhan_3018380066dd.opus,adhan__muhammad_hessen_al_shahawe_adhan_3018380066dd.opus,714211,f373ec916c8b6b4aabd7846c48e343f290929d09f96c41b1748b6824c1d55b02,adhan-audio,audio/opus
adhan/muhammad_khaleel_raml_adhan_al_haram_al_maqe_maqa_al_muqarama_al_saudea_c7ba5fb672b3.opus,adhan__muhammad_khaleel_raml_adhan_al_haram_al_maqe_maqa_al_muqarama_al_saudea_c7ba5fb672b3.opus,825016,dfc33d9f0102d83de104ec4aacb44596b54912570b87b4b5056f5b327667a8e6,adhan-audio,audio/opus
adhan/muhammad_najee_adhan_08e9c70dc6bc.opus,adhan__muhammad_najee_adhan_08e9c70dc6bc.opus,638491,a206aa0a38f240ba58048ca45c994e8a2e78d63d693ad81ebfe7fbc116651705,adhan-audio,audio/opus
adhan/muhammad_najee_adhan_1d989d7b7507.opus,adhan__muhammad_najee_adhan_1d989d7b7507.opus,444231,85f4b7667a42f2266fc60cfbaeba8b9e7179177cfa4976203d9fb7917b6e50f4,adhan-audio,audio/opus
adhan/muhammad_najee_adhan_e028aa90ee1f.opus,adhan__muhammad_najee_adhan_e028aa90ee1f.opus,796936,b61d5d06fb904dd21fcac61d0d80667f08f471cf68ec8012baf953bf91a97b6f,adhan-audio,audio/opus
adhan/muhammad_nasser_al_dine_al_albane_adhan_al_urdun_affead740cb6.opus,adhan__muhammad_nasser_al_dine_al_albane_adhan_al_urdun_affead740cb6.opus,419149,202faecd3d2d0f479efab80de605f0454f84809e72bd99a8b314ab012a111785,adhan-audio,audio/opus
adhan/muhammad_ramadan_saad_adhan_al_haram_al_make_maqa_al_muqarama_al_saudya_e9bb86af0d30.opus,adhan__muhammad_ramadan_saad_adhan_al_haram_al_make_maqa_al_muqarama_al_saudya_e9bb86af0d30.opus,1145802,46c136098e4dd681867e8c230c1a8bdf07a020b4bae6e971c3d40ff47a0597fb,adhan-audio,audio/opus
adhan/muhammad_refaat_adhan_al_qahera_messr_d8a3a72860e8.opus,adhan__muhammad_refaat_adhan_al_qahera_messr_d8a3a72860e8.opus,966935,3b8e0baeaaa73c393159473baeaf8f26a9b4aae098a330e45c8b825fe6096ba1,adhan-audio,audio/opus
adhan/muhammed_ibrahem_ismael_abd_allah_adhan_6df79edd050f.opus,adhan__muhammed_ibrahem_ismael_abd_allah_adhan_6df79edd050f.opus,807597,31f0eeec9dcc345b90f1a6e427b7729e0d625bd677075a2d5ab8a85f0072da84,adhan-audio,audio/opus
adhan/mukhtar_abelhamed_hafed_adhan_61f9b6863789.opus,adhan__mukhtar_abelhamed_hafed_adhan_61f9b6863789.opus,846529,40749700f3562de4135e38ba9c287c800be562f3ea1f0aa94c8bff378205f818,adhan-audio,audio/opus
adhan/mustafa_ismail_adhan_messr_dd5f42239b71.opus,adhan__mustafa_ismail_adhan_messr_dd5f42239b71.opus,946757,48abf7c4cb1aaf087ec5da6c22f3509f91b0d5fc4dadfaf035f62f9e922a6123,adhan-audio,audio/opus
adhan/mustafa_waled_adhan_11ecc060171f.opus,adhan__mustafa_waled_adhan_11ecc060171f.opus,1259859,142a363924bf7594caf78c7eeeeb1079fd42d802f020ab85ac4eebad09b5c417,adhan-audio,audio/opus
adhan/najee_qazaz_adhan_al_massjid_al_aqsa_al_quds_felesteen_c888cbd50d15.opus,adhan__najee_qazaz_adhan_al_massjid_al_aqsa_al_quds_felesteen_c888cbd50d15.opus,1043681,b9fcdc8da0e8e6fd11b462ac7c7ea08e2a3edcacfb4cd50e5424648e073b439e,adhan-audio,audio/opus
adhan/nasser_al_abd_al_jabar_adhan_jamee_al_emam_muhammad_bnu_abd_al_wahab_al_dafna_qatar_f0c25ce57633.opus,adhan__nasser_al_abd_al_jabar_adhan_jamee_al_emam_muhammad_bnu_abd_al_wahab_al_dafna_qatar_f0c25ce57633.opus,860004,c05919d08980d7bc1f239f4762b62293513b25bc0d0ef4b18eb60dc7b3330bf7,adhan-audio,audio/opus
adhan/nasser_al_obaid_adhan_45299e6a8a68.opus,adhan__nasser_al_obaid_adhan_45299e6a8a68.opus,796327,4764992f9bd66f75470b52f639dd007ccbf0d8de96ba5a177db266f589d61950,adhan-audio,audio/opus
adhan/nasser_al_obaid_adhan_c81e4e141865.opus,adhan__nasser_al_obaid_adhan_c81e4e141865.opus,1466063,b443e56f714d6e7b46ca03fc5ad41aafefcc9ec64724bbf8a0c22120dba9780a,adhan-audio,audio/opus
adhan/nasser_al_obaid_adhan_e6ced81e9955.opus,adhan__nasser_al_obaid_adhan_e6ced81e9955.opus,1048830,1bafbe342dc1a914bdd1e5b158211b3a18ada108d130b829756d3d9797410171,adhan-audio,audio/opus
adhan/nasser_al_qatami_adhan_al_riad_al_saoudea_d3aa494b7320.opus,adhan__nasser_al_qatami_adhan_al_riad_al_saoudea_d3aa494b7320.opus,616171,8e0b2cb7460838b169510e485040663d95501b04b664c37d1fb318ebd8e1c156,adhan-audio,audio/opus
adhan/nasser_al_qatami_adhan_al_saoudea_6f509ec934a4.opus,adhan__nasser_al_qatami_adhan_al_saoudea_6f509ec934a4.opus,598261,1fadb71a045c4820ffdde616d1b891b1cac3feb253756e3c2b5ecb0053fc9772,adhan-audio,audio/opus
adhan/nayf_fedah_adhan_al_haram_al_maqe_maqa_al_muqarama_al_saudea_7f701468a8dc.opus,adhan__nayf_fedah_adhan_al_haram_al_maqe_maqa_al_muqarama_al_saudea_7f701468a8dc.opus,1003481,8809df23072a372a3e27dd179a5527bfda0350ed4c75011519a1e8c4f0fc134b,adhan-audio,audio/opus
adhan/nurdin_hamza_al_maghriby_adhan_al_massjid_al_aqsa_al_quds_felesteen_768559b47c2e.opus,adhan__nurdin_hamza_al_maghriby_adhan_al_massjid_al_aqsa_al_quds_felesteen_768559b47c2e.opus,852064,11e299f70b4bf27f47f3799acae5f54ba209dfd0edbec92ade88b7a46cb901c7,adhan-audio,audio/opus
adhan/omar_al_kazabri_adhan_f77bff859f61.opus,adhan__omar_al_kazabri_adhan_f77bff859f61.opus,1063510,2579ef92259fedafa194f694229ee7c0472394d5bfa40a6a596bcef69fb8ce75,adhan-audio,audio/opus
adhan/omran_mansur_adhan_mesr_68b0e4999e85.opus,adhan__omran_mansur_adhan_mesr_68b0e4999e85.opus,469498,efe59f31cb2e7d22d0db92680bea1435b43c80c0db1ced2468773a813ba0ddfa,adhan-audio,audio/opus
adhan/omru_sobhe_adhan_3a06c2aa464d.opus,adhan__omru_sobhe_adhan_3a06c2aa464d.opus,940792,a065aa789f6e8350a37d4fd94bc7c5df2ba49c4c081014ea0f3710d3a76888b9,adhan-audio,audio/opus
adhan/othman_al_masseme_adhan_7b64c1f6986a.opus,adhan__othman_al_masseme_adhan_7b64c1f6986a.opus,1320164,749cbb40b740773448d4be3e2f703d27d77e63c4689e028fe89c306e86b06269,adhan-audio,audio/opus
adhan/rabee_abdul_raheem_essa_adhan_64775bf3b434.opus,adhan__rabee_abdul_raheem_essa_adhan_64775bf3b434.opus,957548,29744877b660fbef615ba455e11ba365a6f831230db1043ef1ec6c3c52b148d6,adhan-audio,audio/opus
adhan/rabeh_ibn_darah_al_jazairi_adan_al_jazaer_0bf83c80b583.opus,adhan__rabeh_ibn_darah_al_jazairi_adan_al_jazaer_0bf83c80b583.opus,847079,64ff68fd0d4e14e5fd3574cb9882fb85f667fbc1647b1fea63c0843b3ee5dcde,adhan-audio,audio/opus
adhan/riad_al_djazairi_adhan_al_jazaer_c1e523eb696f.opus,adhan__riad_al_djazairi_adhan_al_jazaer_c1e523eb696f.opus,989861,f44a65362221c90c02a0219c7044bb39636479e305896be74e80d618ae923721,adhan-audio,audio/opus
adhan/saheb_hane_khatab_adhan_felesteen_7879228bc194.opus,adhan__saheb_hane_khatab_adhan_felesteen_7879228bc194.opus,884313,418e1e2821d396ab59f02f41163cbd885cdbcdec5b92693ea42b12425128258d,adhan-audio,audio/opus
adhan/saleh_al_nabet_adhan_jamee_al_emam_muhammad_bnu_abd_al_wahab_al_dafna_qatar_ac16894fd536.opus,adhan__saleh_al_nabet_adhan_jamee_al_emam_muhammad_bnu_abd_al_wahab_al_dafna_qatar_ac16894fd536.opus,1019422,68cb691dbd4434d18ec54d73dd3fd39c0b0b8981487cdbeef8deee97ad71fdaa,adhan-audio,audio/opus
adhan/salem_hamde_adhan_b991587a0047.opus,adhan__salem_hamde_adhan_b991587a0047.opus,760454,809996ed60f8f156963660e7b056d8eefe6b38df967bc85a587a502e195a8f9d,adhan-audio,audio/opus
adhan/samer_al_sagher_adhan_8ea93508d061.opus,adhan__samer_al_sagher_adhan_8ea93508d061.opus,857174,46d4fc9904ff02075b9f51158e2cea0f4f69479da874ca8707c1333113fac47f,adhan-audio,audio/opus
adhan/taleb_al_qanube_adhan_731011a5ee48.opus,adhan__taleb_al_qanube_adhan_731011a5ee48.opus,1007493,46b7c3ac5247b9d1ed3e07db274c2991a68407e38cf2ccbf3155a1e37a892ac2,adhan-audio,audio/opus
adhan/tamer_islam_adhan_060a426e8644.opus,adhan__tamer_islam_adhan_060a426e8644.opus,824492,db508173364f70f77a14fd5ec36aaad9a508ddec899d3a90b67abe12533e6cd8,adhan-audio,audio/opus
adhan/tareq_fathe_ahmad_adhan_290f81d9a73b.opus,adhan__tareq_fathe_ahmad_adhan_290f81d9a73b.opus,741134,2123b17111001a8cf4835d5382a857bb38ddd460f66ade0bdd518d90289c30c3,adhan-audio,audio/opus
adhan/wadi_hamad_al_yamani_adhan_091fa01b11f4.opus,adhan__wadi_hamad_al_yamani_adhan_091fa01b11f4.opus,1026701,7a98fe0f9f07166fd9652416386caedcff7656740efab5aee1edf3c812d72e5a,adhan-audio,audio/opus
adhan/waled_mahsas_adhan_a07ffd1ae7fe.opus,adhan__waled_mahsas_adhan_a07ffd1ae7fe.opus,1006429,44d2f1d1d4aaa23fbba492ea3dbbeb6b9342c5565e07ce357b49ebb871cebc2d,adhan-audio,audio/opus
adhan/waled_mahsas_adhan_al_jazaer_c2f99053fed8.opus,adhan__waled_mahsas_adhan_al_jazaer_c2f99053fed8.opus,1094499,11324837170fd84e6d7a59a9fe8ce88e23c36c66bf6ad97f8e9434242b6a9d86,adhan-audio,audio/opus
adhan/yaseen_al_aassaf_adhan_al_fajr_al_iraq_b0c404561e49.opus,adhan__yaseen_al_aassaf_adhan_al_fajr_al_iraq_b0c404561e49.opus,1208226,45466e51f4bd168e95894af005a53a7dc6eebc20b16f1801ba18ffea612a8df4,adhan-audio,audio/opus
adhan/yaseen_al_aassaf_adhan_e46d891b0acd.opus,adhan__yaseen_al_aassaf_adhan_e46d891b0acd.opus,833511,1bd0e1256c93618d048fc5452a7a065600f93a947fd39151a9a3f492a8f5f1b7,adhan-audio,audio/opus
adhan/yasser_abdu_allah_al_hawre_adhan_qatar_1e21d991e100.opus,adhan__yasser_abdu_allah_al_hawre_adhan_qatar_1e21d991e100.opus,921895,7e753b471d75cd619621bc638b32d37d606f9dd99c7c6bcb03a1ea9c882fe710,adhan-audio,audio/opus
adhan/yasser_al_dosari_adhan_al_saoudea_f5370aa1a7e2.opus,adhan__yasser_al_dosari_adhan_al_saoudea_f5370aa1a7e2.opus,851916,23c7fa6dae83c9da7879de2728d64d7d626fb7aff7e4b39e2f59e5d54d26e868,adhan-audio,audio/opus
adhan/zaher_muhammad_taresh_adhan_7ab8c2883671.opus,adhan__zaher_muhammad_taresh_adhan_7ab8c2883671.opus,950889,86d0f6c76f4d0a2ecb661a5e22d6bed133da583aa4ab45c3433d56505d42b9c6,adhan-audio,audio/opus
adhan/zayd_al_aatya_adhan_097fd8491db6.opus,adhan__zayd_al_aatya_adhan_097fd8491db6.opus,841172,5d17ab24403367bea6a0b24b7aa010f9bbafc498a475c76ea5d1fbbd51de2293,adhan-audio,audio/opus
atlas/dk_indopak/6x.zip,atlas__dk_indopak__6x.zip,1835537,435af9b2a1968598887138a748a72d8692c2e67ce4bf523a77c87b979445cc4f,glyph-atlas,application/zip
atlas/dk_indopak_v2/6x.zip,atlas__dk_indopak_v2__6x.zip,1428302,a8791f7799eb3a7d13c15e69855c7290ad172be4a778b4a66278aa44a615ff69,glyph-atlas,application/zip
atlas/uthmani/6x.zip,atlas__uthmani__6x.zip,1605845,8efb398119513c2c569d547b54af42961acc6535b65cfdeb2e76b691c061d96e,glyph-atlas,application/zip
curated/science/base.html,curated__science__base.html,557,cbd979ada3c2dd19dcc678373caaa14a8b9e40885a62af4b408fcf78f543b0c1,curated-science,text/html
curated/science/img/bigbang.webp,curated__science__img__bigbang.webp,43330,c92acf63d3434fc96b4bb329e6f318cec61da7bb9c04991de899222452af2c96,curated-science,image/webp
curated/science/img/blood_circulation.webp,curated__science__img__blood_circulation.webp,30152,0a33eb8fa156445329f3c8afb09127fec1666d8a6295f72b5fc4c7854527173b,curated-science,image/webp
curated/science/img/earth_rotation.webp,curated__science__img__earth_rotation.webp,31788,ae716b813fbd1a3a62119388bc3449b1054fcf7a2874b1386499c69bfc95a42d,curated-science,image/webp
curated/science/img/earth_spherical_shape.webp,curated__science__img__earth_spherical_shape.webp,45128,5893fb1710db50515603f3d2c62da3a1d02064a68fcf620e57eae04f35b055d2,curated-science,image/webp
curated/science/img/expanding_universe.webp,curated__science__img__expanding_universe.webp,46188,4d5a9c390536d8d2108e224be600c334f884c7198427a15df2106b6f12d9d050,curated-science,image/webp
curated/science/img/gaseous_universe.webp,curated__science__img__gaseous_universe.webp,48564,93093012ff0d735cdb8f8778c018d608f378c690cc22b63111385679ef81eb14,curated-science,image/webp
curated/science/img/honey_medicine.webp,curated__science__img__honey_medicine.webp,45078,82a9fb607316a4cbf02d02cc60523039208b46c0adb07101b8f1d5d91811ddd3,curated-science,image/webp
curated/science/img/human_cells_water.webp,curated__science__img__human_cells_water.webp,36876,68f2822a967afdda36b4925dd4ca0e465071f5741eadab85d16e8dda07117454,curated-science,image/webp
curated/science/img/human_fingerprint.webp,curated__science__img__human_fingerprint.webp,37666,e989827eedbf104ac5a5eef6e388f8942f18400b79cb45d00c27d6c964e96ce7,curated-science,image/webp
curated/science/img/human_pain_receptors.webp,curated__science__img__human_pain_receptors.webp,46498,299835b73c18bc7dc57816787218e80eba006caf100f05d7d6eaa2333a68916b,curated-science,image/webp
curated/science/img/male_female_plants.webp,curated__science__img__male_female_plants.webp,31600,36cb6beba2763fa13d37e84ace2492758db15675ba5e5072aa0101101c11e3e4,curated-science,image/webp
curated/science/img/moon_reflected_light.webp,curated__science__img__moon_reflected_light.webp,19384,b218339c715b916bb9687a10354d85ad4f9b0e658e8fdca3966db34306b8228a,curated-science,image/webp
curated/science/img/subatomic_particles.webp,curated__science__img__subatomic_particles.webp,49874,176f96346c4bf4ceeda576c146b67d7d81a6480f008c28f65579ac0d70ffbb1e,curated-science,image/webp
curated/science/img/sweet_and_salt_water.webp,curated__science__img__sweet_and_salt_water.webp,45018,7ef270df865a82edb42f4b2e871027ff006b4d5945d80da1471d5674f894c2ea,curated-science,image/webp
curated/science/img/water_cycle.webp,curated__science__img__water_cycle.webp,49542,cc3e3a6d3d922387b61ac6456616bea52b163a9b532696daa6adcc823997f484,curated-science,image/webp
curated/science/script.js,curated__science__script.js,401,76b9f05b04ef4fa2e80b598fb3286d276b0e5eebf372df9c040bb687c8b3b4ae,curated-science,text/javascript
curated/science/style.css,curated__science__style.css,1850,2534f99d5a2af65e4b2edc3273817780bd7646aabcbaae3b3565c98c66d5de99,curated-science,text/css
curated/science/topics/en/astronomy.html,curated__science__topics__en__astronomy.html,12323,a8ca0e6de6b7dccca6ea872f7a439cc2b91ffcc7dc46e9f3e16b378b0b2a9bff,curated-science,text/html
curated/science/topics/en/biology.html,curated__science__topics__en__biology.html,1712,d5228516d47ff384d82633a071e19cfa7b8d80cf882235ed29a851222d345b9d,curated-science,text/html
curated/science/topics/en/botany.html,curated__science__topics__en__botany.html,980,c60878ca13ba0cca5e0384b7cb0e35bc459d97622387ec100ae5b2666db86165,curated-science,text/html
curated/science/topics/en/embryology.html,curated__science__topics__en__embryology.html,20334,7a3d201247bdadb8de0d3a2b1cce50a38c27a4f7a89aef6d1fc6c6cad65f9b53,curated-science,text/html
curated/science/topics/en/general.html,curated__science__topics__en__general.html,2698,40d32503e51a8fada1c405284ade16fc557cba75019552e86762ac6ea3ee06b3,curated-science,text/html
curated/science/topics/en/geography.html,curated__science__topics__en__geography.html,5046,7a2fa51a0a1c2bed2dc157c1d320b6439089af6accc3278f608ad4d173def7e1,curated-science,text/html
curated/science/topics/en/geology.html,curated__science__topics__en__geology.html,2398,194043e2e3ede62e2fc2bdb3a912b89b9148c56afd0b5c16547d61249c5c2b9c,curated-science,text/html
curated/science/topics/en/medicine.html,curated__science__topics__en__medicine.html,1065,ab7dccb2095856c6d4e30d2b213bb6509253fd4b31f8e7f494f3582502ab5802,curated-science,text/html
curated/science/topics/en/oceanography.html,curated__science__topics__en__oceanography.html,3875,34872917c471ad2724a938d2acb59bd3295befffdb0ca404f1bae7390ed80756,curated-science,text/html
curated/science/topics/en/physics.html,curated__science__topics__en__physics.html,1697,375e34f263e20b72b167885654cce1e17aa5fcb6b4b1d424750a0c7a21d06000,curated-science,text/html
curated/science/topics/en/physiology.html,curated__science__topics__en__physiology.html,1320,c3587751de302bbe5e19674ada4fdce0b5d1a5a8bdcd692a3bdd738f444ee4a5,curated-science,text/html
curated/science/topics/en/zoology.html,curated__science__topics__en__zoology.html,6586,9268d0126df2cc7d39532d1adaf431694bc1cfed66db2f68ca5497d96ea2d103,curated-science,text/html
curated/science/topics/ky/astronomy.html,curated__science__topics__ky__astronomy.html,17520,d0a798c138fb25a56d4e9ba4d5f05ed68f8104f7f0205530ecc4a26394410bae,curated-science,text/html
curated/science/topics/ky/biology.html,curated__science__topics__ky__biology.html,2545,7c4e49b0dd39f92feec452a9bc61fcadc115a4229d181f17fbdccabbee5dbcda,curated-science,text/html
curated/science/topics/ky/botany.html,curated__science__topics__ky__botany.html,1629,07660b9d3af2be37dc2eec84dee191cb383b80b86fee6b68ba0e3a5ddbf9152f,curated-science,text/html
curated/science/topics/ky/embryology.html,curated__science__topics__ky__embryology.html,16748,31d08628376839648160fb8ddc39acbce463f9fda3c12a754dafc62ec25bc9c7,curated-science,text/html
curated/science/topics/ky/general.html,curated__science__topics__ky__general.html,4504,c203d12a9f281b2b3b66a32c1a41715547e70f6d966979c4dfe5bcaadd90b7a9,curated-science,text/html
curated/science/topics/ky/geography.html,curated__science__topics__ky__geography.html,8061,62351c81401833f821c9003325c5c0fe99c01ebb93022519ac817df7e22f7ef5,curated-science,text/html
curated/science/topics/ky/geology.html,curated__science__topics__ky__geology.html,9360,46d446e11850cd03b4d98eaa9e60f8c2edb9ed36d5e04aa29fe804f375f44594,curated-science,text/html
curated/science/topics/ky/medicine.html,curated__science__topics__ky__medicine.html,1574,9b92682446a53364742aa038a30241559f3af50375e223a5ff41ccf580f05b7d,curated-science,text/html
curated/science/topics/ky/oceanography.html,curated__science__topics__ky__oceanography.html,6117,edace9d8aeeeddcac65dfae9077abeae539ad69036736e13e24e495786fbe967,curated-science,text/html
curated/science/topics/ky/physics.html,curated__science__topics__ky__physics.html,2616,dfe1af167f1659957a1af857381d62a955208faa0019100332cac212723a9e4d,curated-science,text/html
curated/science/topics/ky/physiology.html,curated__science__topics__ky__physiology.html,1469,8d0d5a94655abb099580b5819483e1621acf1590c311a86aec6e0e9ebd26d1bf,curated-science,text/html
curated/science/topics/ky/zoology.html,curated__science__topics__ky__zoology.html,10148,eb209c128bf94035f283cb4093d644b041e6a420975d0bc93c8a59b95871c9be,curated-science,text/html
dua/dua_1.opus,dua__dua_1.opus,43773,5b0111a728865bf7897629de4aa0aa258dd68829a3ffbb243549103196414b4e,dua-audio,audio/opus
dua/dua_10.opus,dua__dua_10.opus,54846,3b071dd04ab00ef273db01bcc916594c8fefe72aed0b32184ba1c36f2987a5ee,dua-audio,audio/opus
dua/dua_100.opus,dua__dua_100.opus,225631,785d9729bd180661438070debd67e16b255f294590890e934a071cb8af779c83,dua-audio,audio/opus
dua/dua_101.opus,dua__dua_101.opus,41161,664648a39c32f372e8a511ded5cbcefe9773be5a6cfae6974d54edee79c41487,dua-audio,audio/opus
dua/dua_102.opus,dua__dua_102.opus,477116,e86806b16a8bda850f82bb75e850bda8a67adc09919445d268db0ff662cc26cd,dua-audio,audio/opus
dua/dua_103.opus,dua__dua_103.opus,48782,3088af813212fb37dcef5b91584ff1f06236e6bf3145b518e58c4c852d1ea555,dua-audio,audio/opus
dua/dua_104.opus,dua__dua_104.opus,41924,3ee5fcf830e7fea9434990a02139d36efa7fb45dcc95046c2ccf520128e9b186,dua-audio,audio/opus
dua/dua_105.opus,dua__dua_105.opus,28707,88b9b0520bdb08231e23df59fe4a2b705eb0c5aeb609f1c48ef748b1835311e6,dua-audio,audio/opus
dua/dua_106.opus,dua__dua_106.opus,28645,63566763819f122b1d2844d76aa4051920a0a215a160fd447343ec5712f6692d,dua-audio,audio/opus
dua/dua_107.opus,dua__dua_107.opus,77916,eef4bf8d73e797e89b5840e1768739d43a173f5f16684c6abc517b79430db3e0,dua-audio,audio/opus
dua/dua_108.opus,dua__dua_108.opus,52664,bef80577103f7d7c1c9050707f4bcd794805bd46f623cf48f33796b5773959b3,dua-audio,audio/opus
dua/dua_109.opus,dua__dua_109.opus,55624,32c55e0c44b1bb584ae3a6b5dfde11c97a9135ca9bc95bb404b390375b11d7e9,dua-audio,audio/opus
dua/dua_11.opus,dua__dua_11.opus,31476,f3bcb4b5317e3fc63edd997e09d798d761eebf8b7057c009060b30b581a7cee8,dua-audio,audio/opus
dua/dua_110.opus,dua__dua_110.opus,116374,d196934bc81fdcd344cbc4afb2169be878e9b7675d3c53a08c8e1dc40a15b67f,dua-audio,audio/opus
dua/dua_111.opus,dua__dua_111.opus,38613,edc0f6c2a68e41d39909a025d894f120ef4a22a0f6843073d819f5538f50c2eb,dua-audio,audio/opus
dua/dua_112.opus,dua__dua_112.opus,58900,fb6202c42d5e7b2b161d24e5ef2aaa87019c7c6cf8823fdb96ad69e6e853197b,dua-audio,audio/opus
dua/dua_113.opus,dua__dua_113.opus,160767,8dca0557004ee7537832689057092f3124938e3c13615e4ec28a1280d89313e2,dua-audio,audio/opus
dua/dua_114.opus,dua__dua_114.opus,392279,c38490138592232daa9582086479ca882f718fafa26884fc2e68a8238c868140,dua-audio,audio/opus
dua/dua_115.opus,dua__dua_115.opus,225631,4426a8ef1bd5c0d23a05c685858780bcbc6a9c67be4861f6e4e25293eed26ef0,dua-audio,audio/opus
dua/dua_116.opus,dua__dua_116.opus,41161,8b07bf157f7bfea47818b7d88d46822b4537e4e3ddf5edd1b5fc4b968d9b6090,dua-audio,audio/opus
dua/dua_117.opus,dua__dua_117.opus,477116,4da570062478891200ebb5d060a84b9e1b18573a3ab6899f862a6f64c19603a3,dua-audio,audio/opus
dua/dua_118.opus,dua__dua_118.opus,26187,a333aff2456f4c6451c81eec9848b2c3bfe74dc1d31f4278be3451fd3f2c2a16,dua-audio,audio/opus
dua/dua_119.opus,dua__dua_119.opus,48782,41f4c1138f5b3a969d0750bd6e1e3961eca7d75ef21300b2bc74a808fdd1d941,dua-audio,audio/opus
dua/dua_12.opus,dua__dua_12.opus,70002,6991bb10d6c1491886a942da7226bbe86334371db8a5940e2ad7c1f69559aec9,dua-audio,audio/opus
dua/dua_120.opus,dua__dua_120.opus,22879,2cf63e5322974fb9b8cb579935b7b1a1f448e08218cd80aeedf0b097e30015f6,dua-audio,audio/opus
dua/dua_121.opus,dua__dua_121.opus,18931,ba0553518c8fdcc2df869435ea9adc23d5267be6ee72e5a9284d178345cd43b6,dua-audio,audio/opus
dua/dua_122.opus,dua__dua_122.opus,41924,9d8249f7a98bcb8ea3be3b4822e05f25894156b51ecc3a7980d1845928b2ae5a,dua-audio,audio/opus
dua/dua_123.opus,dua__dua_123.opus,67911,b378ae015c4af85b842a9d0edee75314a94f7142f40cc5b1a22ee2c55f2fff01,dua-audio,audio/opus
dua/dua_124.opus,dua__dua_124.opus,34877,6d8fb68d78a2200f923a1b307534899d04e7b4dc0cc58a458ce1d483731d0904,dua-audio,audio/opus
dua/dua_125.opus,dua__dua_125.opus,37774,f7d396ca9984dbd62d9bd63b05e3d326b1a8a72a401d48bbab8d910fa87497be,dua-audio,audio/opus
dua/dua_126.opus,dua__dua_126.opus,28707,8be379489a58c120a3b3face3125bf0f847d84c46c8e4ac56ce67fc80f34b556,dua-audio,audio/opus
dua/dua_127.opus,dua__dua_127.opus,18901,ddb4bfda171013ec9b620768c2a3a87a7f8b4a6cccd1ca06d291842566892b35,dua-audio,audio/opus
dua/dua_128.opus,dua__dua_128.opus,38384,2a2004b7afa085bba81c5c96e5d88bc3b58b2cedd754ca4be22bd026c4d9f83d,dua-audio,audio/opus
dua/dua_129.opus,dua__dua_129.opus,23628,12040bb941d49f6c2a2769eb6c4c2981c1108f226cea2f95caa6967d255976ab,dua-audio,audio/opus
dua/dua_13.opus,dua__dua_13.opus,100271,7345d6ab657d7c300d5662d7c5b96df78b4ed96f46f6f2d1c72d5e778c9ef085,dua-audio,audio/opus
dua/dua_130.opus,dua__dua_130.opus,132587,da1b5239b287c87e246ee5d2a888cf7d72d3e3366bb84c92250bc0bb876f26ca,dua-audio,audio/opus
dua/dua_131.opus,dua__dua_131.opus,65004,c707e01b2c2f4791bacf5e83813f8827f685986f7fa17f6e5dc30beda89bbe33,dua-audio,audio/opus
dua/dua_132.opus,dua__dua_132.opus,115769,6985be92866ac54e69ed4db87271cc38db6c39620feac47d3c782b6f051d6733,dua-audio,audio/opus
dua/dua_133.opus,dua__dua_133.opus,18636,870a435fee0f2d2804632e3c5c219b401554f55a667bb8e4e307d2a3f9b30092,dua-audio,audio/opus
dua/dua_134.opus,dua__dua_134.opus,32870,33ad1c2115240d2c2becdd5624d508f2b146c8c432c5b420e554bae108cfc970,dua-audio,audio/opus
dua/dua_135.opus,dua__dua_135.opus,40396,b33adf4051aa0e5c63c7355d9a065236155d6f6ae122a190177992f61d343121,dua-audio,audio/opus
dua/dua_136.opus,dua__dua_136.opus,28645,6ea1fae72ce16d7b57d9da0be127fb5a1ef78b6706766dda8b5db2ba511fdcb0,dua-audio,audio/opus
dua/dua_137.opus,dua__dua_137.opus,90547,c4a8b1d7abc6da77e3cecf35594a3db780aed3930d008770c29b917bb0d63cfd,dua-audio,audio/opus
dua/dua_138.opus,dua__dua_138.opus,36830,0352dcd7aa0dfe8a40b75c86f3e81acc4be072736582fd7f6c55d81e9b443ae5,dua-audio,audio/opus
dua/dua_139.opus,dua__dua_139.opus,59080,7ff1618e94b97f1527f147cd6988c525f7fe62d3c7c981fd583447cddf92136b,dua-audio,audio/opus
dua/dua_14.opus,dua__dua_14.opus,49158,a8a32296d189609682c3322d3ffad47b77353a269b444f762089ce5277503027,dua-audio,audio/opus
dua/dua_140.opus,dua__dua_140.opus,77916,2372d48ce9f60bdc601291c7cc3aaa9ca8885b9f4edbe8f55b6aeb2f93b50968,dua-audio,audio/opus
dua/dua_141.opus,dua__dua_141.opus,71941,71a0754573412a7369a5f3f0f419d08a432502cc5b69032b24ab0ebdc90251a3,dua-audio,audio/opus
dua/dua_142.opus,dua__dua_142.opus,97833,d555fa7edc94930cb3b8c36fe98dfb5dcf54aa0f8fdaf543280b78cd280fa0cd,dua-audio,audio/opus
dua/dua_143.opus,dua__dua_143.opus,26806,936d9f2092b889858a81e24d6ddce7d78c9d6e12210f920d34b70afd14a15682,dua-audio,audio/opus
dua/dua_144.opus,dua__dua_144.opus,45278,53094fbadba2bd6a2d41e32916eb2d937b8dc2a1fcd12d19f2332ec63f77fb8a,dua-audio,audio/opus
dua/dua_145.opus,dua__dua_145.opus,130737,1f7e786cb3c57f38a1fe384624e786f616e9a33275350ebc5c1747f54a979e6b,dua-audio,audio/opus
dua/dua_146.opus,dua__dua_146.opus,150973,66bd7999db26657910d0afecee349a63a7398a498b6011db1ef55f230ca8fc46,dua-audio,audio/opus
dua/dua_147.opus,dua__dua_147.opus,94924,69f5fa34348bc1dd756b353728a85ca0bd3596d6a5d54b8799bcc50696ec0e53,dua-audio,audio/opus
dua/dua_148.opus,dua__dua_148.opus,76988,8594e72a15d002418b473183f5dd0043c8887b1ea88c461359545f957997fe94,dua-audio,audio/opus
dua/dua_149.opus,dua__dua_149.opus,101779,455e579fea5c1db7c7f9f18ae946a159263918c5674d7e369cfd5d13ed579b43,dua-audio,audio/opus
dua/dua_15.opus,dua__dua_15.opus,242709,68d6244a839fc75ee47b9dc86b777cd6d0ca639a9a2b3c498e1c1539a81ed28b,dua-audio,audio/opus
dua/dua_150.opus,dua__dua_150.opus,97518,ba1f324c228fa1a8639863bdee50189c3393feee4f11314ade2c89b8a4c953af,dua-audio,audio/opus
dua/dua_151.opus,dua__dua_151.opus,39565,8a5730ad0274932e39e439da7610bb105d9f25593d7d50625003599a77ff51f5,dua-audio,audio/opus
dua/dua_152.opus,dua__dua_152.opus,80649,5c690be0d8b6b332ebf77e72afcb8e09f88361d9e1d14bd09fcd67bb1cda9278,dua-audio,audio/opus
dua/dua_153.opus,dua__dua_153.opus,39194,231d41aeb0b3aa2543df0fcea737f3e8d01b24d8def03ede784952293e225523,dua-audio,audio/opus
dua/dua_154.opus,dua__dua_154.opus,336529,8cb8f3653b50d9bb9dad52cade0d2a44a0dc82f816569e23afd4748e93419ef4,dua-audio,audio/opus
dua/dua_155.opus,dua__dua_155.opus,107618,e17a2175d5069bd94f064c66dcbeaeaa3e066d7a729d8dc0a9b92871e3afb86d,dua-audio,audio/opus
dua/dua_156.opus,dua__dua_156.opus,95082,f92a9badcf42647882d8287f7dd37a8899bdc01221fdaf9e7e9e898936ad10f3,dua-audio,audio/opus
dua/dua_157.opus,dua__dua_157.opus,41605,a7cdc6d8ea6ee455504afb989493b7dc6ebf8f8ced884a39503ed467950a9294,dua-audio,audio/opus
dua/dua_158.opus,dua__dua_158.opus,154887,8819ce0b932ce23b35b1f87e309ef676b2006edff3018f6e73fa93fb2b153ee9,dua-audio,audio/opus
dua/dua_159.opus,dua__dua_159.opus,149825,fd5a152f8e70a2b3f8da41be8819100b449b5e95ebb703e35ad9f814e7427103,dua-audio,audio/opus
dua/dua_16.opus,dua__dua_16.opus,195653,ec0f7830ccb16a29bd83e8eee9f00421495a109d9136c3cb534db9f54f1360b7,dua-audio,audio/opus
dua/dua_160.opus,dua__dua_160.opus,94801,4bd080c5024f60f9cbfac0c98664efc547cbfe062bf38ac115dadd2277ce5491,dua-audio,audio/opus
dua/dua_161.opus,dua__dua_161.opus,93705,12745cb4049e14796f3b37ebd32edd77bb796ab50fd9e90d7e3048069a5a2b3c,dua-audio,audio/opus
dua/dua_162.opus,dua__dua_162.opus,112053,6f1ecc8a31b77e88c951972429a14bc0fef3513992535d3e57333810dcc912a5,dua-audio,audio/opus
dua/dua_163.opus,dua__dua_163.opus,183760,752dc26e755ac335d716db9fe9b6dca5d02523c07e191f9dfbed938de6e56984,dua-audio,audio/opus
dua/dua_164.opus,dua__dua_164.opus,40242,42a603e63b47bf0779c779469e13da8be29efc9bf6c7b27a74151cdb1fd6eef3,dua-audio,audio/opus
dua/dua_165.opus,dua__dua_165.opus,102622,2de27f217587df2abc3c68281c346584429fa897b9c065e80b69bb51f751a091,dua-audio,audio/opus
dua/dua_166.opus,dua__dua_166.opus,768580,e1d1b58901759e47ac08e304d051bfe7bfd9b4574be56bc2bf3a207319a0dbfe,dua-audio,audio/opus
dua/dua_167.opus,dua__dua_167.opus,326383,7f18a9c752b4321a491a0e86527696684403548a8b57d5638c4de4e283763ad9,dua-audio,audio/opus
dua/dua_168.opus,dua__dua_168.opus,416429,1ec62b9d01583a9524e02468b3ff3b516bdbcd85c1da854306f3adf25a710f99,dua-audio,audio/opus
dua/dua_169.opus,dua__dua_169.opus,531066,0a720ea4ecc420d7db40ead6f908e43287b142e99a0a80a77f85ea8057d64723,dua-audio,audio/opus
dua/dua_17.opus,dua__dua_17.opus,95493,52208b2a421a801ccd6c332d0a37c2d6d5af81dad385aaf27c8d502618051a67,dua-audio,audio/opus
dua/dua_170.opus,dua__dua_170.opus,100964,aadde954d36ae8f68a0c0788f25d7d9f2786e4d18d88c4dc4b804e49d17242a4,dua-audio,audio/opus
dua/dua_171.opus,dua__dua_171.opus,47941,7d5a29777c6a3b1db5c04dd1f239deb30cbeb7363b339fbee66841d633c3b183,dua-audio,audio/opus
dua/dua_172.opus,dua__dua_172.opus,52664,6de0af73b7783d30cbb5e10314ec054773c438d1df34831f8fed76b1f37bbb85,dua-audio,audio/opus
dua/dua_173.opus,dua__dua_173.opus,189552,afea59b50ac207063a02f2dcabfb5f7d7c7e2dc38803a02bac47934e9738d158,dua-audio,audio/opus
dua/dua_174.opus,dua__dua_174.opus,258480,b96866b00c935c9729af9b74b37aeca3590c8579086db6e3f8e43f51aac81aeb,dua-audio,audio/opus
dua/dua_175.opus,dua__dua_175.opus,431174,115db12636f75f58894076a0399c81b5bad5f36af1dc850ca9dfb785fd0de914,dua-audio,audio/opus
dua/dua_176.opus,dua__dua_176.opus,336314,1b30fa75d67f8492f2f19f46ba37bd3a4abb2a782176afa4c604aeb62ffd5fdd,dua-audio,audio/opus
dua/dua_177.opus,dua__dua_177.opus,304199,29c174a2fbea96bf32e99cee442e4d15a4201eea75d5129c092279c3ccf06cf7,dua-audio,audio/opus
dua/dua_178.opus,dua__dua_178.opus,25155510,99cd763c3ab8e802e90f18941a62c792e17f476f1eaabcb0cfab5be123b65920,dua-audio,audio/opus
dua/dua_179.opus,dua__dua_179.opus,97733,4542855d29c8a4c0dc14739f0f6fc2ad8dc34d1878d0209d0d5641ce6f121920,dua-audio,audio/opus
dua/dua_18.opus,dua__dua_18.opus,25084,ff0935fc0996609610f4ea7b19fcd1387d0d97aa2c7e9028f3472359f76a7674,dua-audio,audio/opus
dua/dua_180.opus,dua__dua_180.opus,200548,580cfa66fef2fc197c06d702852f6ac5af4be77e34f6aee05bebf63985bf37c4,dua-audio,audio/opus
dua/dua_181.opus,dua__dua_181.opus,137421,4da4cf941c22f641812660e134bd96db7afd593bd8b4c9ee39812d58c567551d,dua-audio,audio/opus
dua/dua_182.opus,dua__dua_182.opus,73647,54335acdb7ebb9ac2cfb0093d27f17fedb610063eb9ef65856b9f5b0b578c72d,dua-audio,audio/opus
dua/dua_183.opus,dua__dua_183.opus,52141,443ca332cff551f55bab727eb8a4291401364dccedc5d9bfcd8acb903b9bfae5,dua-audio,audio/opus
dua/dua_184.opus,dua__dua_184.opus,70002,0370c6d823bef934f0cdd52719d4629c3511c79890d5362fd7010f6dd1de3dc1,dua-audio,audio/opus
dua/dua_185.opus,dua__dua_185.opus,197681,e33e22d1cf622e16f33f9f10b9521a9155fba66fe7b0d920f8f1a3168416032a,dua-audio,audio/opus
dua/dua_186.opus,dua__dua_186.opus,59097,d30db51ab5fee1d24f586437ba52f12e5f0c4a5801a907348754d60f45eb3efa,dua-audio,audio/opus
dua/dua_187.opus,dua__dua_187.opus,142163,cfdbf0b6f3fa1d41fed8fa8f16f77eff671e40bd1af5eb0500874b55e21205ef,dua-audio,audio/opus
dua/dua_188.opus,dua__dua_188.opus,66609,7d9f35004ca44209c0fe3d798044a757e367f8bbcf8a73ecdf216e5f0cc9360d,dua-audio,audio/opus
dua/dua_189.opus,dua__dua_189.opus,66615,6987a43269b75fb0b9873382c90e61f795fe064356b37a9d6e0b5452c2106933,dua-audio,audio/opus
dua/dua_19.opus,dua__dua_19.opus,56187,e0e179def395e06dca9bac84d5a4e9c2e82c181cfcb67d034d161537e88c53ae,dua-audio,audio/opus
dua/dua_190.opus,dua__dua_190.opus,46973,96fa2927d690ce4c5e5c225a62a7235789d44efb3939f4b22db3dcd69d4e8f20,dua-audio,audio/opus
dua/dua_192.opus,dua__dua_192.opus,25264,055eb2aec6f6d1439ee4db64aa50bd2392810ca1e83e22afa3d51989c329e4b5,dua-audio,audio/opus
dua/dua_193.opus,dua__dua_193.opus,66220,06253cd6524705ae1630786dd2b89dfbe7d9f7e938f093309a4354eb5331d5e2,dua-audio,audio/opus
dua/dua_194.opus,dua__dua_194.opus,47957,8a29e1dfe6b40abd170e5797e82aa412519dbdca52aeaab8cb34a0833eeead5e,dua-audio,audio/opus
dua/dua_195.opus,dua__dua_195.opus,53217,e10323655faef28d9e5752a344a72bdb22471e5808cf50d599f415c8957dfa22,dua-audio,audio/opus
dua/dua_196.opus,dua__dua_196.opus,71029,625c457f326d8b6d36c375c3fbd0b8d3f0fa2b8a423920d8046fc9c9c2cdad51,dua-audio,audio/opus
dua/dua_197.opus,dua__dua_197.opus,131258,7bfde56492929d3e7265a03a20c80968a6cd86cf49b6abe5553f8b492bb915c7,dua-audio,audio/opus
dua/dua_198.opus,dua__dua_198.opus,209771,1bb7f16378ba84f850c697287c64de25b5c1f0e3664dfe5e2f37a564468e0d1f,dua-audio,audio/opus
dua/dua_199.opus,dua__dua_199.opus,143385,828e0e786876b8fad2f254ec3bcab496872279924d8959d1764f452976d8949f,dua-audio,audio/opus
dua/dua_2.opus,dua__dua_2.opus,17430,6c9be07a3b5f18f0202ff88d5bd9253ff7d3bf30b7c5560e09d097a7d12193af,dua-audio,audio/opus
dua/dua_20.opus,dua__dua_20.opus,64454,9d8726a87295a422c5236d77bb708ce00088c39124efdcb14c3e08bb62c905c1,dua-audio,audio/opus
dua/dua_200.opus,dua__dua_200.opus,193695,216322fbfb6a7fb92954e127141ec17f5aa707f3db9b9f726dfcadc6f3f6afbb,dua-audio,audio/opus
dua/dua_201.opus,dua__dua_201.opus,126656,a87b48cd04549517797c0dbc0fa8fed043e56c0ccc47c279e83b466c0f83d54a,dua-audio,audio/opus
dua/dua_202.opus,dua__dua_202.opus,111305,5e3d35f56ca404e8ee0071f0d078e42bb89287cd5c48834e5a5fbee518345940,dua-audio,audio/opus
dua/dua_203.opus,dua__dua_203.opus,111916,33e40df9eed5adf0a4740a87f1bf0981c30d74e17ecb4ba5094e5cebe62228c5,dua-audio,audio/opus
dua/dua_204.opus,dua__dua_204.opus,229715,d144f15061672574330b8e40a80f901a70c607d8ff68cbb24a16f0e59c6fce22,dua-audio,audio/opus
dua/dua_205.opus,dua__dua_205.opus,64172,3281f7b62ccb22756727ea8f06896ac43281f51a82f72ad4da76d00128aa5efa,dua-audio,audio/opus
dua/dua_206.opus,dua__dua_206.opus,56804,fd009173e818cafe9ec6c2480c3dc179876b6749b123417ff94fe2646b328047,dua-audio,audio/opus
dua/dua_207.opus,dua__dua_207.opus,325856,aa7a5fbe5650caac7fc425381dd594b1209f106c1b661229823b02a70fd3fce1,dua-audio,audio/opus
dua/dua_208.opus,dua__dua_208.opus,51322,8e4e3a3c0c653aea4f761d88a079aa3d24a159fc5e8dcbf858dd187192719933,dua-audio,audio/opus
dua/dua_209.opus,dua__dua_209.opus,38597,f1587b5e98b7861a10cc891032d80c55237c98b1a11b64ca867a8dadf4e956af,dua-audio,audio/opus
dua/dua_21.opus,dua__dua_21.opus,51050,c77319418f9f5f95347df8da5445a0ed05b369cffb37b0fb9e355ef082382d62,dua-audio,audio/opus
dua/dua_210.opus,dua__dua_210.opus,53884,c20e4ce086616acf9d6da11c87ab7af423509bfeed97fe83f8fd2b70c905892e,dua-audio,audio/opus
dua/dua_211.opus,dua__dua_211.opus,44786,bc9cf0e5f56dfbdfdd1c5e84d1dd3d137eb395a799622d64e261e5b55ff2c749,dua-audio,audio/opus
dua/dua_212.opus,dua__dua_212.opus,39480,be46c4e0f59b65756a554905b944f2b52d0c15c03ba2c29782fe69a252b114b9,dua-audio,audio/opus
dua/dua_213.opus,dua__dua_213.opus,54921,a5cc9a82cdb328b1464499e969ceaf687777042a8470181298b753cecf57627e,dua-audio,audio/opus
dua/dua_214.opus,dua__dua_214.opus,59631,893a0fb299e85ac9d7a14857bdd98f5146dcc575df8709f8c17dc9c6f5647bef,dua-audio,audio/opus
dua/dua_215.opus,dua__dua_215.opus,133461,fa36b5b38245db859e577d781b428d0f92cb029b6510d471ba80e047ca4402cb,dua-audio,audio/opus
dua/dua_216.opus,dua__dua_216.opus,96509,df0c4dd4cc0489fbac4347b6c35a58651e4a01791340334b3ae0ae99fa98593b,dua-audio,audio/opus
dua/dua_217.opus,dua__dua_217.opus,115157,2834c0c9d27beb1ee19d8bf108b808851a5cac2864ca62da23df440394a6c484,dua-audio,audio/opus
dua/dua_218.opus,dua__dua_218.opus,111600,501f970689847f36939ebdd3dfb54a2284456cb2a96abb1891d82218171b26ab,dua-audio,audio/opus
dua/dua_219.opus,dua__dua_219.opus,83080,88122603fd01e9d997c27bf41f1217ef985de6a515c6317e70a907fcbd1ab095,dua-audio,audio/opus
dua/dua_22.opus,dua__dua_22.opus,31531,3190771f99e838647ffa7ebd4970f60923533dbfdeb27a172ffbfd90b816b1bd,dua-audio,audio/opus
dua/dua_220.opus,dua__dua_220.opus,189195,7de56340746c60303053860a611a548c456a1a2eb418a1477c500cbcc9e4bd1a,dua-audio,audio/opus
dua/dua_221.opus,dua__dua_221.opus,85092,c25449306860e8e4580455bb25099490b35b5e4e55f0f2a150ef260a3463795c,dua-audio,audio/opus
dua/dua_222.opus,dua__dua_222.opus,102171,9ebaf0e0750806f934ffc0b927b306491ab7f74052836f37850b07972649a4e5,dua-audio,audio/opus
dua/dua_223.opus,dua__dua_223.opus,147490,8f2c212201e4a4fdacb9679f13b77b647ddfe4c1b0f09c71a465c104a3ad2612,dua-audio,audio/opus
dua/dua_224.opus,dua__dua_224.opus,194380,8b1832c86d0de230912671150e34bb75287a128ed7f8252396179d3c4a729c10,dua-audio,audio/opus
dua/dua_225.opus,dua__dua_225.opus,109342,2cfca5519c06132aa296c0349736f5b0f1b58a06c285e25d1f7dc93fb19c1c20,dua-audio,audio/opus
dua/dua_226.opus,dua__dua_226.opus,114170,d3c3e2d57b17bd03741e2038d4841e602fafd3e3443f38817cc36d3007cf2aa2,dua-audio,audio/opus
dua/dua_227.opus,dua__dua_227.opus,89558,cceba10d203c088d2f65f1dd4d75287708425c562ab0748c720d2c0c4bb496cd,dua-audio,audio/opus
dua/dua_228.opus,dua__dua_228.opus,93108,1eb1654d92465e72955dafa63996c01207005da9f7f2a4f0549654931787aa0c,dua-audio,audio/opus
dua/dua_229.opus,dua__dua_229.opus,123255,3207e5520491f3b0f4d43f8f3a581434f43ee0c87c9ec845975c29e9c90514f6,dua-audio,audio/opus
dua/dua_23.opus,dua__dua_23.opus,79725,0e0960640148c33c924c8f1c68fe4a37724bfbc6c7b15b9198a5c59d07b98508,dua-audio,audio/opus
dua/dua_230.opus,dua__dua_230.opus,133496,4cbc1ce1086d63b787fe090f96015e14a9bcd31671d1e59220ac3bcf23d35fc3,dua-audio,audio/opus
dua/dua_231.opus,dua__dua_231.opus,28280,c68abb9b0e0e263876664acc665f3077aa5b1aec6e8b9c231db90b20592ddabf,dua-audio,audio/opus
dua/dua_232.opus,dua__dua_232.opus,216722,4814751b4e971fedf7c4d402cae8eadb10bf5ec7652cb203d47986b09c0d46e9,dua-audio,audio/opus
dua/dua_233.opus,dua__dua_233.opus,65232,8aa0aad0bf33a812467e58049096a5cca9e9f6002af842b934ab5b1b2befa8f2,dua-audio,audio/opus
dua/dua_234.opus,dua__dua_234.opus,38045,bc7c73c1e5551104bb783a83ed4d1d24c41385e157c991e893ec8e7e41126cea,dua-audio,audio/opus
dua/dua_235.opus,dua__dua_235.opus,77101,c5ec8ed27675d636f42291de1e3c93a7d54e1d16c781a6df915a5680c5b2a2c6,dua-audio,audio/opus
dua/dua_236.opus,dua__dua_236.opus,69943,3dbd0535776022dc998a25c6412d97f6de5fb59eab9eaa6d882c5c20b329ad9b,dua-audio,audio/opus
dua/dua_237.opus,dua__dua_237.opus,79048,74413377579ca915a80cd24ff5ec43999358a2560e319fcec5fef940ed364e89,dua-audio,audio/opus
dua/dua_238.opus,dua__dua_238.opus,65932,c7d616a8da76d4b1a5d0d0eb1f9484767c2112abaeb9dab9b5501798472727e3,dua-audio,audio/opus
dua/dua_239.opus,dua__dua_239.opus,42551,e33434c0bade52a7d13335f765a2ca3a69a6b8bf718de0237b5454fa91f9327f,dua-audio,audio/opus
dua/dua_24.opus,dua__dua_24.opus,16038,1a6d89f4391a475fe172f248b4308df76fe42f9d35ccb537db903db256c7aafa,dua-audio,audio/opus
dua/dua_240.opus,dua__dua_240.opus,94548,a39a18d29c55728d6882f851f25e0b9ec79dfd5f94f862c53593285ed3e36fd6,dua-audio,audio/opus
dua/dua_241.opus,dua__dua_241.opus,113797,183a2e4dbad74f3405c73d1bd4748baae1516e8fd50d7f436e3493806d803401,dua-audio,audio/opus
dua/dua_242.opus,dua__dua_242.opus,73430,e9d9ba7265e8b3c97e5ccf1a832438b3090de2b08510bad5030d35477960d777,dua-audio,audio/opus
dua/dua_243.opus,dua__dua_243.opus,41683,5bb4f4977ff8b76804e739f6fdfe05ccc429257148f9774af19f27fbeefa3cad,dua-audio,audio/opus
dua/dua_244.opus,dua__dua_244.opus,106640,78b58634f44e62766e9f88b23e7584a3e66325c4202168acb2409d7b754ead31,dua-audio,audio/opus
dua/dua_245.opus,dua__dua_245.opus,335008,bbe589d1d60552fb463360d26cf2c83ae93c768cd4c799245bf1d374fd576486,dua-audio,audio/opus
dua/dua_246.opus,dua__dua_246.opus,294249,4f3a677027814a6832628fec9115fae28ce8d5f0c02a6d2a6e36eaeb42d1d34f,dua-audio,audio/opus
dua/dua_247.opus,dua__dua_247.opus,53960,0ffc2e6281fae6a6a9658467e582e63ace8a7aa29110b678048cbe2c92b81294,dua-audio,audio/opus
dua/dua_248.opus,dua__dua_248.opus,69523,2e0b2d334c9aeada234818a9eda08e6f2022c1bc148e59ecfa55acb7c5191b89,dua-audio,audio/opus
dua/dua_249.opus,dua__dua_249.opus,54338,f4492bb2b6e27074ea23dc7099bdafb6aee5e5cd92c062243d7382d3dcd4e719,dua-audio,audio/opus
dua/dua_25.opus,dua__dua_25.opus,56582,1c84726e5d3f7002df2e3092cbc70a933e88d2aa55bac7d5452d7c6b48cd90ef,dua-audio,audio/opus
dua/dua_250.opus,dua__dua_250.opus,75068,b6d9638ce18966ba9720f4167f633c9398631675881fb509f34821ff51b950e9,dua-audio,audio/opus
dua/dua_251.opus,dua__dua_251.opus,20455,9222775a9f516180a61cd7c47eafddc2b50e243ad591f1cc231db5d618f7a6e5,dua-audio,audio/opus
dua/dua_252.opus,dua__dua_252.opus,33997,9b76e2d60f01e6af0479f8862fd231a1d8fe25eb62b4572005322d85c8a5085c,dua-audio,audio/opus
dua/dua_253.opus,dua__dua_253.opus,203258,02292523063264213cf16d18292ede649092f30e54922f5387986994444981e8,dua-audio,audio/opus
dua/dua_254.opus,dua__dua_254.opus,128218,07f1273c25b35be9ba0ed4a63657c1896e6ff852ded023220b6bf2bd19ebe44a,dua-audio,audio/opus
dua/dua_255.opus,dua__dua_255.opus,35530,5146293d266a9f60695ac18185eb5d3cd17d6292c626e8c0c977501c2f2e66da,dua-audio,audio/opus
dua/dua_256.opus,dua__dua_256.opus,65188,dfe3f857cf9638a6dfcd8032fc6a663c0b9d8dfc9f058891c36c7b0a19522795,dua-audio,audio/opus
dua/dua_257.opus,dua__dua_257.opus,26710,852709c2a1a3ecf265a7e7e965a159e4fda4a317b12ad5f05197b7084d371c75,dua-audio,audio/opus
dua/dua_258.opus,dua__dua_258.opus,47719,f85c003f838b147c18b874b67b2d84c3ba678cf3526abf4cf57a109dff03e109,dua-audio,audio/opus
dua/dua_259.opus,dua__dua_259.opus,69374,73b7fbabb2fe2b0ef66cd929ee90a55d7ec252fa8189297cbc1574f8c3d5e0a5,dua-audio,audio/opus
dua/dua_26.opus,dua__dua_26.opus,37565,83d22de37cc4c701d7956598fba9767edc35bc8582eccc4e9255b3838f233e9f,dua-audio,audio/opus
dua/dua_260.opus,dua__dua_260.opus,102760,2319771780130c78116b771af3e66d4cda7ce33f5f352e0529d166f513134d29,dua-audio,audio/opus
dua/dua_261.opus,dua__dua_261.opus,131125,c17281f8bc580a71ae5198ab5453cf9319c42b9be1e24a3c4170de420866712b,dua-audio,audio/opus
dua/dua_262.opus,dua__dua_262.opus,62063,04ca7de7bac6bb2212d7bf3e97b2464061dfaabe23598ee30641e43a9da06aeb,dua-audio,audio/opus
dua/dua_263.opus,dua__dua_263.opus,212011,12a3ee62ba54f023271dba38deecf4c060c671001b0f6c530311509682e57e40,dua-audio,audio/opus
dua/dua_264.opus,dua__dua_264.opus,80579,9b972a633b88ae4d02e0b185814dc779ec763becf618b80d409ec8b430a07ded,dua-audio,audio/opus
dua/dua_265.opus,dua__dua_265.opus,64682,4bce9d374b474af5286b84d6e5de72ba95e975adb21e8c294640e607c73f2864,dua-audio,audio/opus
dua/dua_266.opus,dua__dua_266.opus,34745,9ec8da9ba10b0b2a274c1d4f49815d2f39d86393e7c5d5f1da7856080048f668,dua-audio,audio/opus
dua/dua_267.opus,dua__dua_267.opus,38946,7106ee5521cd320a6f94f54bb252920ee4422892ea40f137a391774b4c1cca05,dua-audio,audio/opus
dua/dua_268.opus,dua__dua_268.opus,71913,7a96bf7cc21c04037d84597d616c2e08f4df5a57325b5a17b518939adc44572d,dua-audio,audio/opus
dua/dua_269.opus,dua__dua_269.opus,136160,a87666b86964e27fd050a41f8abdf95dd2e560dde51e69b6fbb3810e41fc7ddb,dua-audio,audio/opus
dua/dua_27.opus,dua__dua_27.opus,57210,c8fd2d41d5484ce2a8a438bb41cfa94999d24af65bf6faaba18ac257eb13bde0,dua-audio,audio/opus
dua/dua_270.opus,dua__dua_270.opus,49364,beccd29b366a50dd22c6b1361d1e8069ce6cdfa5751d255873180b3d9784e9ac,dua-audio,audio/opus
dua/dua_271.opus,dua__dua_271.opus,87034,5a909d10de7b7d0f9c4ff930f82f5adebe5f11e022ae29f930772d6aedbaeae1,dua-audio,audio/opus
dua/dua_272.opus,dua__dua_272.opus,102132,f0441bc7fcc770344e1d800810ba898bf9b3d7352de19b774d9a7aee735159ad,dua-audio,audio/opus
dua/dua_273.opus,dua__dua_273.opus,169559,cab54315de6731de266a8f36fa39dc8ba2dbf24a813b1df2022ed4eb058103fd,dua-audio,audio/opus
dua/dua_274.opus,dua__dua_274.opus,298138,f40a2fac7e316c8d01d49de380b151bf51ac68e52ae470bbfa7347822b6a5643,dua-audio,audio/opus
dua/dua_275.opus,dua__dua_275.opus,228332,66a6c3b4fc1626ec088f88babf47744913a24dc87a53564ff9893a6add2d79e5,dua-audio,audio/opus
dua/dua_276.opus,dua__dua_276.opus,36644,f67037a934f8527f950dd36fef73f8da57c77ffc9bb4782d3525784a898fc89a,dua-audio,audio/opus
dua/dua_277.opus,dua__dua_277.opus,69486,dde406e739e69655cb698af659c43decfdd3d9ffcaf7fff589c4dafdbeb2d467,dua-audio,audio/opus
dua/dua_278.opus,dua__dua_278.opus,68557,4d704cc53bbb3cf5735014697e717b02948e550d3d8e4a0a599a6de16d49888f,dua-audio,audio/opus
dua/dua_279.opus,dua__dua_279.opus,122123,f445090faa6a95752fbee7274d5091925bc50de6bdbec5198944f48313860321,dua-audio,audio/opus
dua/dua_28.opus,dua__dua_28.opus,148186,682e5a6adbb2b6a94f102e13ec96019cfb205fd328ca353cb6924b9d937c334c,dua-audio,audio/opus
dua/dua_280.opus,dua__dua_280.opus,54154,762724825e4c2366b19186c1f6ccef8bebe39023a7954f1c63723780ed6d62cd,dua-audio,audio/opus
dua/dua_281.opus,dua__dua_281.opus,122734,1de14d51dfa73c55225effc703c154e142cb0d1b3e1ed613bbe47c7774fb521a,dua-audio,audio/opus
dua/dua_282.opus,dua__dua_282.opus,31057,b71fccd0b477385499fc1cae37a1cabb26f8ff18dc3f6d77d788dd2feeaf83c9,dua-audio,audio/opus
dua/dua_283.opus,dua__dua_283.opus,80237,217f18e689665ba412496d54eed464f4b2b29c1fd28bd597145c8c595a299a57,dua-audio,audio/opus
dua/dua_284.opus,dua__dua_284.opus,35176,e73d569529ac8cd4a0386c2f623b6f6c73566aeea4aa9d5637bec8d6d36a6b3d,dua-audio,audio/opus
dua/dua_285.opus,dua__dua_285.opus,85718,69c18bb7a936aeffcd019b98df8cbf8393d4202f52187d247484205cf7be2d86,dua-audio,audio/opus
dua/dua_286.opus,dua__dua_286.opus,96178,464be0765f8c36fd63dbe13f3055d0feda76cea594c17fe77cb47e4f404eae9a,dua-audio,audio/opus
dua/dua_287.opus,dua__dua_287.opus,48230,50fbab33175ab7ba5f3a5a2ed7f29b49b0596a7591bb39adc140f49025209d1b,dua-audio,audio/opus
dua/dua_288.opus,dua__dua_288.opus,107802,4ca4968e6790b5f72545ff806f0dea6fd28dfc77a9fe2145569e1563eda166c7,dua-audio,audio/opus
dua/dua_289.opus,dua__dua_289.opus,30147,f24cfac24380a6980c286ca9b0b5977d5680017ec98fd81dbee9b21c3c176cf0,dua-audio,audio/opus
dua/dua_29.opus,dua__dua_29.opus,31259,c63ae11926e5d864a7a7f5114312f86d6e4acfae83def0525cda239a31954446,dua-audio,audio/opus
dua/dua_290.opus,dua__dua_290.opus,447117,cc117b65953263ecdd12e4b08517b0dfcf60ea4dc14bdc26d780d8a55923159f,dua-audio,audio/opus
dua/dua_291.opus,dua__dua_291.opus,41653,eac45c281c26f4d4ed2046a9755fafdef357727bbd2d0c6569ae5a58e6f92d07,dua-audio,audio/opus
dua/dua_292.opus,dua__dua_292.opus,31341,cf639f3cd0f1bf0c8d5fea80fc97c6328db129a3d663ea26ed90b1d590e29f31,dua-audio,audio/opus
dua/dua_294.opus,dua__dua_294.opus,79403,b60886169c7be4a436935e282502aab96cdc6fe0e252bf81fd52b746d043176a,dua-audio,audio/opus
dua/dua_295.opus,dua__dua_295.opus,27388,5995e4158bd0a106cf635664236eb02b067f1151a70c78b2838c6d49978226dc,dua-audio,audio/opus
dua/dua_296.opus,dua__dua_296.opus,148274,3011845b07152bbde957e5310b027af993322f3630f22431b99948b13e5b33cd,dua-audio,audio/opus
dua/dua_297.opus,dua__dua_297.opus,31403,4613111b6b69bf23af90d9f2304d4d74845f4b95bd3b93f68fd8fe14d14bb396,dua-audio,audio/opus
dua/dua_298.opus,dua__dua_298.opus,39740,0fdf18ca97936a7e39af213ec74a4f961e10ddeabd5f539d82baaaed7713e750,dua-audio,audio/opus
dua/dua_299.opus,dua__dua_299.opus,42695,c8a84db77e0b60dcf8888d0a54bdac81b2c74b24c32b219171b65ecd9faeb547,dua-audio,audio/opus
dua/dua_3.opus,dua__dua_3.opus,40574,8b02977d8943b55dafc8498c7b47dc89a1b4850dfbdc6b61dc1f1aa26919fb5b,dua-audio,audio/opus
dua/dua_30.opus,dua__dua_30.opus,65230,cfc64e4124991a813734a4c1177474ef30b1dec3db918aa28b0d02603e12468c,dua-audio,audio/opus
dua/dua_300.opus,dua__dua_300.opus,61782,8f88174a84c34f30b9e711cb4b17ec9981f6f07f038d8031bba7149cd612e1b9,dua-audio,audio/opus
dua/dua_301.opus,dua__dua_301.opus,188208,72f751f7c319e6cccae2660c4606f653f65cbdb9aae0cf4aada6235cd16ec51c,dua-audio,audio/opus
dua/dua_302.opus,dua__dua_302.opus,204526,f03b2149ca39817c249a08fae58de66b54d0188f6ae9695edd52511a5fa78620,dua-audio,audio/opus
dua/dua_303.opus,dua__dua_303.opus,265965,8e095f2ad9d8a009717368696f84e5a7d9e51f467311d1e9724c0d185a94f9f8,dua-audio,audio/opus
dua/dua_304.opus,dua__dua_304.opus,40469,fa038b76790a132d419e7d92c1a8b4ff78f8ea72e4b789cddc156d505853046b,dua-audio,audio/opus
dua/dua_305.opus,dua__dua_305.opus,152841,b954e1119aae7c8b8bdf309792b64f2820c5d746ed7f8ba1929d1e1510f1affd,dua-audio,audio/opus
dua/dua_306.opus,dua__dua_306.opus,127992,13357b5ed50e13484fa7c4273b050bf6138c9ca87bb5d24a91b3e86b1ec9af91,dua-audio,audio/opus
dua/dua_307.opus,dua__dua_307.opus,337853,4e8e746543eca55ade827b653e4f9dc9352c5daff83e27d196b8316627abfcef,dua-audio,audio/opus
dua/dua_308.opus,dua__dua_308.opus,271459,f767533547ab06b21a794473db250d0f4035854f61e5cffb28644477a2a4e406,dua-audio,audio/opus
dua/dua_309.opus,dua__dua_309.opus,623008,d805c65934d3c461862106974c8324b5f5f47790e8f4c121d44cb5f8b39d804e,dua-audio,audio/opus
dua/dua_31.opus,dua__dua_31.opus,16421,ba526d93933266fa33a44650dcd6d67d4a760c2b2619801154abd830af830bcb,dua-audio,audio/opus
dua/dua_310.opus,dua__dua_310.opus,204156,67b0734033dacb2e3ab45f2d04e068ab656432c139ab1268df78b46f389715ab,dua-audio,audio/opus
dua/dua_311.opus,dua__dua_311.opus,204084,dbfb1366e4847a77e7a6bffafd8bb422928bb49ed498908c0b34934f7219b7dc,dua-audio,audio/opus
dua/dua_312.opus,dua__dua_312.opus,151272,5e97227fb79bb649fb0ea7bc516e48840bb066a765701334670480182cb270c5,dua-audio,audio/opus
dua/dua_313.opus,dua__dua_313.opus,295007,66a48a2ec50b03e3bf5f08cfe41ef50e658e147288ba00e049f8193b0b34a736,dua-audio,audio/opus
dua/dua_314.opus,dua__dua_314.opus,183197,16300c25f3c25210066c2a366be34c762786935580c55aaf1e0e4af965340c55,dua-audio,audio/opus
dua/dua_315.opus,dua__dua_315.opus,173009,f0706cdf36d16eac9d12b22c150e4343c87afc4c12603c59cf7aaeaeb37b5fcf,dua-audio,audio/opus
dua/dua_316.opus,dua__dua_316.opus,42091,fa7b911ec4d186eb0fd2504fc096ddb83c4c0016643cdce39b57677b3f7647ad,dua-audio,audio/opus
dua/dua_317.opus,dua__dua_317.opus,50843,e3ecd24b657ffb7c7eefb8c8bef90c4cceb4935ed3991de187078e4ebcc15296,dua-audio,audio/opus
dua/dua_318.opus,dua__dua_318.opus,43267,1389efdc4ed8cea9880ede884a2ed41f846da2cbc7022ecd45cf40881aa39e74,dua-audio,audio/opus
dua/dua_319.opus,dua__dua_319.opus,134277,0b8f8fd237598e300588be5fed210c85a1ee597b603b784a56e32590e405ed2c,dua-audio,audio/opus
dua/dua_32.opus,dua__dua_32.opus,326383,ab476cef6dc3810d5bbfacdbee99a183746c660df824c017ec3757b5f1480c14,dua-audio,audio/opus
dua/dua_320.opus,dua__dua_320.opus,25260,961f7167bb472ef296e9c7177e717d2608742803131fedca8f4b8d66991c8347,dua-audio,audio/opus
dua/dua_321.opus,dua__dua_321.opus,54697,04c488a0581d418db2c059101ae17f6ce3d57bcd6fdeb34fe9e167c6dfbebe9b,dua-audio,audio/opus
dua/dua_322.opus,dua__dua_322.opus,57552,8fd424bb004cfb94214d899d561497476430fbefa223f7fd0cde0326fd9560a5,dua-audio,audio/opus
dua/dua_323.opus,dua__dua_323.opus,134916,09ecca5deead0d77a2bf4609db93bca5be03b120497b8d78f7b011bcb5472122,dua-audio,audio/opus
dua/dua_324.opus,dua__dua_324.opus,71110,fcf1745f613c6596fde5be67184d3809f07c90b6e001b60d36ee72f55b7bb05e,dua-audio,audio/opus
dua/dua_325.opus,dua__dua_325.opus,35176,c67911874d99b3bba7a0eee95b799493edadbd01aae92d8ab990d618e8550273,dua-audio,audio/opus
dua/dua_326.opus,dua__dua_326.opus,52393,7c3a1a01ef4162bc2d064609749724af6578ca5d82db7637fddc45766f162724,dua-audio,audio/opus
dua/dua_327.opus,dua__dua_327.opus,98983,93fd98d19436f01be58ae531596edf9b55fecbeb3a39aa0f0d5217f38f5f5984,dua-audio,audio/opus
dua/dua_328.opus,dua__dua_328.opus,198737,97867b94d726b7ac178c74cb0ae05781d8b29f56973eee761dec45bf47104b6f,dua-audio,audio/opus
dua/dua_329.opus,dua__dua_329.opus,129258,2959b1f179867c4b770d430072a58ce87f49828ac0dab005e98ab4d7dee102de,dua-audio,audio/opus
dua/dua_33.opus,dua__dua_33.opus,1212069,d815b05424c7c2acdcf6c1201d9a96a5bbccb1f7b3efb0f6b556bd4ceb39f9e6,dua-audio,audio/opus
dua/dua_330.opus,dua__dua_330.opus,47470,dad3896b2dc4d30979d7475bf9c29d8501275b2eb9c6c43ed4999be83570932b,dua-audio,audio/opus
dua/dua_331.opus,dua__dua_331.opus,77754,b5828eebc1b4d39e9fef54d5316b74d3333abd3c37bac24b3b30ada5ebfc6fba,dua-audio,audio/opus
dua/dua_332.opus,dua__dua_332.opus,60314,95ac7cf632380882bd8767cf657e3b27df5d76af5c9ee81cc53b57f362480504,dua-audio,audio/opus
dua/dua_333.opus,dua__dua_333.opus,67347,993fedfe36b9df0aba4387988fbfcd789869f2a84bfcff4906d34877b9388a77,dua-audio,audio/opus
dua/dua_334.opus,dua__dua_334.opus,76501,a3065c433228d0a6e0acea43141c526e4dd7cb6cdceae81d41e50d51f54f15cc,dua-audio,audio/opus
dua/dua_335.opus,dua__dua_335.opus,85861,03657096a2f3f8e7be4492a9eecaf64103ca7228c47dcb7e601cdca6e15cf840,dua-audio,audio/opus
dua/dua_336.opus,dua__dua_336.opus,163208,d61e63f9c1c5fb31c2271578942e848cf156dc6ffb5abc0072d5a5d6b82def8d,dua-audio,audio/opus
dua/dua_337.opus,dua__dua_337.opus,63632,82cfb61f622b1b48d3e625c75d9e536069cef6c3ede36e54e9a2a5ca3c6bc98b,dua-audio,audio/opus
dua/dua_338.opus,dua__dua_338.opus,89121,23e7e36044737447b37ba6f8dc3ddf4e71ab41fe9617422169f1d20f63fc0d41,dua-audio,audio/opus
dua/dua_339.opus,dua__dua_339.opus,58336,8a0dc7904b5b4e0b95d20a9486240a816d9f99117cc3e95c2389b0bf2f5d50d1,dua-audio,audio/opus
dua/dua_34.opus,dua__dua_34.opus,169559,f19fe3f438d25f61b61f65597128824e082dbe1d10ba10ff70192c5732c3b2f2,dua-audio,audio/opus
dua/dua_340.opus,dua__dua_340.opus,48901,5dc77ae3603b15dfa7a7fe1e0475f01d9cccb2b3684f2e9b12aa791ab449b035,dua-audio,audio/opus
dua/dua_341.opus,dua__dua_341.opus,62760,fb89ced6eeb1827cca37305cbb51d18e6ad0c8a494f0fdb05bdde7a8c004cc89,dua-audio,audio/opus
dua/dua_342.opus,dua__dua_342.opus,54768,4cff456ef50b96bf01b7e40a44c02c06c7b33e56b311ecf2f2db60a8a44e1483,dua-audio,audio/opus
dua/dua_343.opus,dua__dua_343.opus,91807,0d0aff2daf02acd930ad4e13ab16dcdeb566f3ed83cbdb59e50b2be547053615,dua-audio,audio/opus
dua/dua_344.opus,dua__dua_344.opus,30389,e3a7fdc2bb7e8011f80ff2639279355629cc933e20aade4a403e2c9e402f8446,dua-audio,audio/opus
dua/dua_345.opus,dua__dua_345.opus,51374,78ae548b8b21534849dc1803a189460d3b1ce44c541b543d077e963099bbf3c1,dua-audio,audio/opus
dua/dua_346.opus,dua__dua_346.opus,247445,c091e48c5f5446094a6c347dee48cf331d7fda93dd0149c08e9823b696644b09,dua-audio,audio/opus
dua/dua_347.opus,dua__dua_347.opus,163182,302b3a8b0c67f80f31e6c8352387db7babc45325bcdb0de9139174d4a883bc0b,dua-audio,audio/opus
dua/dua_348.opus,dua__dua_348.opus,39633,48ee694ec2f9d4ccf92ae0b229f0e1c797a24ebfe6131e3726d6af85288c15a5,dua-audio,audio/opus
dua/dua_349.opus,dua__dua_349.opus,26435,ae2d31b851cc90e76d10a0c1e9f341ad56f4f2ab2393e70e7140bd55bfac7a5c,dua-audio,audio/opus
dua/dua_35.opus,dua__dua_35.opus,107553,bded60b5cf2aef51a90744a9b13fbe48bd3a7d608fdb69058dd906cd55640a51,dua-audio,audio/opus
dua/dua_350.opus,dua__dua_350.opus,58611,286cc61a7da071540c8fed1eaa7c1a05601299f82d7421f31598ecbc88de1429,dua-audio,audio/opus
dua/dua_351.opus,dua__dua_351.opus,44098,1d95102bcede28dbba83c809753ec4104a16819bcb1ccc2d94c80f59d1306b31,dua-audio,audio/opus
dua/dua_352.opus,dua__dua_352.opus,46614,6109769c0f3c6ca3e8e28ea2afda99d5886801c6c59992ddc7c296d4e8e81c49,dua-audio,audio/opus
dua/dua_353.opus,dua__dua_353.opus,31293,e737e0cddca316eeec59dac2ce80cf1580ae60d16588ba3a50d66dd6f35f0a2a,dua-audio,audio/opus
dua/dua_354.opus,dua__dua_354.opus,65666,7028142a19a3966c7ce3e77daae64760c6172af6cab75f65fd8f857d708f92d7,dua-audio,audio/opus
dua/dua_355.opus,dua__dua_355.opus,93442,6d82e92d059b7a6cacb22e07e9d29014ed7e69242d5ef5a6bf4f2ae495d081c5,dua-audio,audio/opus
dua/dua_356.opus,dua__dua_356.opus,54525,a07014a3a99b5a00ccb1a878243779b197eaab419be1caebb5d31f599e190194,dua-audio,audio/opus
dua/dua_357.opus,dua__dua_357.opus,169559,e823b1a367871767c9b52e3802b8a792ab0b07be24dd467112134ef4352fe3b6,dua-audio,audio/opus
dua/dua_358.opus,dua__dua_358.opus,274191,d768615aaa23dc3cde0f676bfe0ba5f14f45a44b3de8b34d8ddb1767b702f58f,dua-audio,audio/opus
dua/dua_359.opus,dua__dua_359.opus,203389,a18c05ea0c33e848f85a713e8306b8200825aee6db095ba4eb5dbc2cbac99329,dua-audio,audio/opus
dua/dua_36.opus,dua__dua_36.opus,214124,8a1014dab6c006dd5df18765dedd1e3c5086ceabc67cf775631012d8ce54295b,dua-audio,audio/opus
dua/dua_360.opus,dua__dua_360.opus,37596,5e2ca3484a75bf5a16c8e5d7cf0a3893b06feab66050a989f065dc4c4d214cd3,dua-audio,audio/opus
dua/dua_361.opus,dua__dua_361.opus,57297,b111d095a521cf931a2e0d5a77685af9a26baa7b8320318cb73263be950f0c2e,dua-audio,audio/opus
dua/dua_362.opus,dua__dua_362.opus,59491,7bd7ecafa32b589f1166a40e40c53edd7892cb48a10af71f698f7472a543ce0e,dua-audio,audio/opus
dua/dua_363.opus,dua__dua_363.opus,104995,1e7878eab1633abeac086dbff5ebb56497311f550006ede71eecad55bb1285a9,dua-audio,audio/opus
dua/dua_364.opus,dua__dua_364.opus,47366,fd58b0d29ccf38df600616145622f886c99a54804a21ab2c37c879fa6db6f56c,dua-audio,audio/opus
dua/dua_365.opus,dua__dua_365.opus,124510,5bb480bbe2c635f7579969078c81d1d17fd62509cf99d154785259c5216ec253,dua-audio,audio/opus
dua/dua_366.opus,dua__dua_366.opus,35663,34ddbc578e8fc1d9ac4c22dbd03207b9491d74e1e16ed9f5d1e03736013fe348,dua-audio,audio/opus
dua/dua_367.opus,dua__dua_367.opus,26445,8f5348304e1c18988ce86f5762ec3bc251d52d26fe45705c324f94bd0845789a,dua-audio,audio/opus
dua/dua_368.opus,dua__dua_368.opus,23001,b0c7e6e2989c09d49a9e6cf351097d84ebf7096dd793cbbd779f789d396253d4,dua-audio,audio/opus
dua/dua_369.opus,dua__dua_369.opus,51917,8a54c970bc20935eb0f75a36b59ebf85e3a3cfc393384f98a5a8c2c5c4838a14,dua-audio,audio/opus
dua/dua_37.opus,dua__dua_37.opus,149205,30c9b0466a22f5b9c58772c640967b0193209b6f556f81196b78fe999de03359,dua-audio,audio/opus
dua/dua_370.opus,dua__dua_370.opus,74250,a6edf3a64cb062a878216a1508e17a7b9a54e8ab603b9d332a793a1a7c0d0b07,dua-audio,audio/opus
dua/dua_371.opus,dua__dua_371.opus,200999,d89c3e29017f01216570aa3df3f41fce60a11e3723c5d591cbdfdf11014881ee,dua-audio,audio/opus
dua/dua_372.opus,dua__dua_372.opus,109067,53f860266322dd92d86fd34d790ea0a3ecd29643b07b118b821101d35876421a,dua-audio,audio/opus
dua/dua_373.opus,dua__dua_373.opus,25123,362ab74346d6850048a945e56f12ffd12a7939c471f1eacc1206a1ba4d9e2035,dua-audio,audio/opus
dua/dua_374.opus,dua__dua_374.opus,28102,459af4a158ccc9fa48e759576c9e4ab9cbd4392c4670ccfa7dad7110d583cec7,dua-audio,audio/opus
dua/dua_375.opus,dua__dua_375.opus,45508,057affcef4ab785a2dd1a4fd513f163084a6c55b98d1f31ec95e098062b6613c,dua-audio,audio/opus
dua/dua_376.opus,dua__dua_376.opus,67460,3ebc1fabc65fd46ab0a6f53cb778e21edc450ec5d701e96e3e7adf304c0d9924,dua-audio,audio/opus
dua/dua_377.opus,dua__dua_377.opus,41630,b0401316f8a3f60569843769abc0d8c8861282a4d4db0db488daace7cdbee5f3,dua-audio,audio/opus
dua/dua_378.opus,dua__dua_378.opus,35489,30ab32297d224dfa9e9844823056b3f36038b7154f19989fe686eff86f9dce96,dua-audio,audio/opus
dua/dua_379.opus,dua__dua_379.opus,72607,6cf4fd4b52e0739af9531d07e730720322fa31f8d52330b06ea3adb18a13f235,dua-audio,audio/opus
dua/dua_38.opus,dua__dua_38.opus,98321,6fbafb44992c017ea97551f32b094433ca60012020dbc98da54217497eaa2a10,dua-audio,audio/opus
dua/dua_380.opus,dua__dua_380.opus,28296,cbd2c80bdd8d59abd69ba68175f39dad2bbb01cf5de8935376ba3af38f8c4c0b,dua-audio,audio/opus
dua/dua_381.opus,dua__dua_381.opus,142936,0b1cbca428a1eb044e6a1f69062098e1f8afc528a54e22b9f6bdd112bf717b9f,dua-audio,audio/opus
dua/dua_382.opus,dua__dua_382.opus,30841,8f85e0b5958a557984e6c4fad127f0a44a2eb52f77c3df1be72b3141da75a1f0,dua-audio,audio/opus
dua/dua_383.opus,dua__dua_383.opus,71686,d0a10c8514006386eaab674f632b34572be4c82345548cbd282a41ad5c92d7ad,dua-audio,audio/opus
dua/dua_384.opus,dua__dua_384.opus,43570,2f3627cb6ed0e807537824fbfca679e5f8a50f7c44053c2c740473d60ea0c349,dua-audio,audio/opus
dua/dua_385.opus,dua__dua_385.opus,75850,f47521eb681214015af13ab02b7612eac60f08aff64c7834ed46aff77fb7f49d,dua-audio,audio/opus
dua/dua_386.opus,dua__dua_386.opus,42011,60e1c4e1a35af16e1e1082f8fca4f9683c8069c8a20cb89ae523041b72865591,dua-audio,audio/opus
dua/dua_387.opus,dua__dua_387.opus,30984,9f1c67a7d4f38967a15c8d24f3847a67b72d2c515a41d7a69ddff55e4a068c63,dua-audio,audio/opus
dua/dua_388.opus,dua__dua_388.opus,51517,2221eb2534797bb1ea3ed1ceb06d2be59e015491ae9edb4135815d1aa813ca93,dua-audio,audio/opus
dua/dua_389.opus,dua__dua_389.opus,31806,7acb829249bd271b412ff1f949e67a74bb259225ce1370b9fd0dd39e98d3395e,dua-audio,audio/opus
dua/dua_39.opus,dua__dua_39.opus,69324,d5c24bd5c1bda57017cadb3c4b41225524c83f8b23f25177f5328211c238297f,dua-audio,audio/opus
dua/dua_390.opus,dua__dua_390.opus,23468,c5e6eaed364b6240ce6008ca8931135979f1b21cc45e6861e6caf14b307a9786,dua-audio,audio/opus
dua/dua_391.opus,dua__dua_391.opus,47894,641da12263c06b6eb59edc53527bb419ff7f132d73a305d326f292c6bee0adc1,dua-audio,audio/opus
dua/dua_392.opus,dua__dua_392.opus,56219,c5ef5de585b86be78764026c42a459a1d08d8a181edef020fd57968ff71c5b77,dua-audio,audio/opus
dua/dua_393.opus,dua__dua_393.opus,93172,bcd7262a53b281a7b9a71a9de1bfea1921905fa6353eeec3b90887c779367e9e,dua-audio,audio/opus
dua/dua_394.opus,dua__dua_394.opus,530386,55272d35f904743405450c56fff80e6167bed49bf40a19bd7c59a30da2217ba2,dua-audio,audio/opus
dua/dua_395.opus,dua__dua_395.opus,23226,485866a6580fc0bb9694a7ec8159cecaf6edf9337241668666f501019a4a1b56,dua-audio,audio/opus
dua/dua_396.opus,dua__dua_396.opus,20228,d7c457bd26c459222f93eba675f7913441653e588e040e10fd27bc8da5c42ca4,dua-audio,audio/opus
dua/dua_397.opus,dua__dua_397.opus,25592,ddc5195dd39e1502f7f35ac4eda987d3bcd0a869fe9012b4f07e738ccfd5f73a,dua-audio,audio/opus
dua/dua_398.opus,dua__dua_398.opus,28587,e7062fbcaac25366b8aa39fe35bd2261bdef2b3d8fb10d7af982da2339f6eebb,dua-audio,audio/opus
dua/dua_399.opus,dua__dua_399.opus,18757,ba55b5f09433b440133eb706198aa42f48d48fa455d613dd17992718b10a9b0f,dua-audio,audio/opus
dua/dua_4.opus,dua__dua_4.opus,70898,6cf548afb4cea1e8262b6e68f754cd70772da0964d03f7f7c71a635ba8f07f7a,dua-audio,audio/opus
dua/dua_40.opus,dua__dua_40.opus,124964,b1232d33d9c7d508560dfc23bd6b09c9dd50ba68ad1a9d016b07073a2812d76b,dua-audio,audio/opus
dua/dua_400.opus,dua__dua_400.opus,22193,2171c6e46c0849189906be88d08997158f2a9a7d130de316f99168e2de0d64c4,dua-audio,audio/opus
dua/dua_401.opus,dua__dua_401.opus,23300,7e6087cc02b2345edbeb68d91808bccc1cd4eb1d24d03ef26d4a6b15a5edb729,dua-audio,audio/opus
dua/dua_402.opus,dua__dua_402.opus,24115,4362101caccc9cdc67a7cb0e1ae0c7b76b84de422da44c60d4c227f07535e6ec,dua-audio,audio/opus
dua/dua_403.opus,dua__dua_403.opus,64839,063d35058b5fb5ef13d509d24364ea3f48c21f593c29958cdf1a28966ee25231,dua-audio,audio/opus
dua/dua_404.opus,dua__dua_404.opus,46032,2b73491605eee495090935e30b5ab7b3712fcca122845ba18cd32fd25a2e530e,dua-audio,audio/opus
dua/dua_405.opus,dua__dua_405.opus,198814,fec1f93149f762ec38db3f0e0cba29646d8749667c3be3c225dd119595f86840,dua-audio,audio/opus
dua/dua_406.opus,dua__dua_406.opus,51645,5976e16e0d3e9ec64672b335dc0d3a01af63e2474528e264b64a42b1e5776a0e,dua-audio,audio/opus
dua/dua_407.opus,dua__dua_407.opus,75136,e78753156c847dc48efa310105ce806ef093e33fd05341f29b65297d80dfa22a,dua-audio,audio/opus
dua/dua_408.opus,dua__dua_408.opus,42863,db4fbebbf63cda1aa62751c0dcf537dad9a7ec23872b2a653a73898ec2c1c120,dua-audio,audio/opus
dua/dua_409.opus,dua__dua_409.opus,80136,20d7225f463f1c7e8296de0a80453663faa0fab440540d11dc89b37fa51837ef,dua-audio,audio/opus
dua/dua_41.opus,dua__dua_41.opus,151638,3c64f30ddb79f5613dcc4243cf004bc7e2fe6db68a66aa47477f43ea20e52363,dua-audio,audio/opus
dua/dua_410.opus,dua__dua_410.opus,28740,71cf21086627d778bb448df354188c74c0a4de4fe0762fc49e35cc7c00031481,dua-audio,audio/opus
dua/dua_411.opus,dua__dua_411.opus,100529,3eee9530b7dd9afb5d3f07a48c6e31603ff015956e1445d7d12caf9dc1617295,dua-audio,audio/opus
dua/dua_412.opus,dua__dua_412.opus,83043,a8c9bc2d6cd1dbde002ba53776f3e2dead5d59118fe094bed7fb1ea90a0532da,dua-audio,audio/opus
dua/dua_413.opus,dua__dua_413.opus,38948,72a8bd78bd48c5b45ee6c8258d15324bf94f5b2075724f4b89b3c6c2c38960bb,dua-audio,audio/opus
dua/dua_414.opus,dua__dua_414.opus,38948,23b48aa6983c0987d04934bb5edc785d59fce62e2ddd053f668476a0882ff698,dua-audio,audio/opus
dua/dua_415.opus,dua__dua_415.opus,54999,90c5faf3fc4c1a80a50fffc3c4887122bfafce87aa839a00907a24fbae0f3c64,dua-audio,audio/opus
dua/dua_416.opus,dua__dua_416.opus,26414,96442cd816f419aa1ee4674f73f4baaa56e284109e42c2692c7f2de98cbfcc85,dua-audio,audio/opus
dua/dua_417.opus,dua__dua_417.opus,42842,e99a3a4553936af7f5d5f2a9b568914d4ba7efc4d9fec2fc307b9a572d3e632f,dua-audio,audio/opus
dua/dua_418.opus,dua__dua_418.opus,132281,f95d106df8d3496fa97c6ee144c467f87114ea288b277b0956638030e886624f,dua-audio,audio/opus
dua/dua_419.opus,dua__dua_419.opus,117812,e20b6a4d61d9047e3c3e449c4fd5709487e38ea12101b4f5d0564936e0ef0c34,dua-audio,audio/opus
dua/dua_42.opus,dua__dua_42.opus,231525,940fc1f079239e833ce72906259bccbebcaeea135ae978a00dafc38ee037b539,dua-audio,audio/opus
dua/dua_420.opus,dua__dua_420.opus,40626,59bac979ed275479ec09cdc1fa64b9ba44373b7a5399a5934db525a124c19c87,dua-audio,audio/opus
dua/dua_421.opus,dua__dua_421.opus,63580,9aa09da5a521b6a4f4754cd85fe0017c93d80c05de1bda322669e344ce492a04,dua-audio,audio/opus
dua/dua_422.opus,dua__dua_422.opus,65238,fc21fe27ae278f8cc1dc0afb47fbe5a65e9d05c111ed0de3307d7b3755306b07,dua-audio,audio/opus
dua/dua_423.opus,dua__dua_423.opus,188398,a5eefe6aa7aabe594ba899b18b21365ac98b9b7aac12ab7420fc226649448111,dua-audio,audio/opus
dua/dua_424.opus,dua__dua_424.opus,163846,7499909ed6a46e7acfbd4428955748d02a3e5f4649b4564b071fe0ee68c2c1b1,dua-audio,audio/opus
dua/dua_425.opus,dua__dua_425.opus,109754,067974653b5aca965ba2f36b129d32d12da2aed57abbf9e98dd3e5dbe48271ca,dua-audio,audio/opus
dua/dua_426.opus,dua__dua_426.opus,101093,80c743fc1ddd3b989b229989f2b07830b9c6f76a01387c040d74c96f26828a19,dua-audio,audio/opus
dua/dua_427.opus,dua__dua_427.opus,89056,6ca4fa1aa0f1b1e5fd760327c5f35b13d29b0e7b6f3b613353f01f6351c8f451,dua-audio,audio/opus
dua/dua_428.opus,dua__dua_428.opus,82971,99533d2f55e3e6926daff15a355d0c912aec12696edd60e20277a1bd9a201036,dua-audio,audio/opus
dua/dua_429.opus,dua__dua_429.opus,61494,d5fadf1c96b539f738b2c9fd9a45e9a108cde688889b0f9ae1dcb7960853e22e,dua-audio,audio/opus
dua/dua_43.opus,dua__dua_43.opus,403524,a4be25536630d2c8aeda644c0bb467a044a08f6912b368aaa7514d108f0e32ce,dua-audio,audio/opus
dua/dua_430.opus,dua__dua_430.opus,31919,ced277e853376e3f5729675ba0ec569f8c130d35a654edf6f96db80f1f52a91e,dua-audio,audio/opus
dua/dua_431.opus,dua__dua_431.opus,246610,b25ca3dd9cc9268945ee6f605dbaf29b58198cdef8fb1a34c77ecd6540de5bb1,dua-audio,audio/opus
dua/dua_432.opus,dua__dua_432.opus,239732,96a7cdf88e890e1053905b3e1c8fcd3e6b464303fe667e36e61e4888644e8c2e,dua-audio,audio/opus
dua/dua_433.opus,dua__dua_433.opus,54806,ad4881e9b483695a6e1caab75d5f368cc171bd4fc63c5aa64d24bfb178f22745,dua-audio,audio/opus
dua/dua_434.opus,dua__dua_434.opus,40065,c2fbfd7e6547c9e9376c227ca7ac84738d7bb3c8e844433239b4eed79ac2f57c,dua-audio,audio/opus
dua/dua_435.opus,dua__dua_435.opus,45236,b5fa0c9956197a3879fd4d8767f79486d2e164d613fcb081a3827dc71d215006,dua-audio,audio/opus
dua/dua_436.opus,dua__dua_436.opus,31179,d6f780f0e31e43b38e4c4e8c2bd9998917009aed7b5db0933ac7985f72b7b0f2,dua-audio,audio/opus
dua/dua_437.opus,dua__dua_437.opus,35836,ef59a19c3f08d6e1664484ed47ebd1c0a2a6897ed013c9cb02c35f44eedf1dcf,dua-audio,audio/opus
dua/dua_438.opus,dua__dua_438.opus,47939,f0584b87ea85b14dbb0a6b04ba00114cda71b0c8c02ef7c33391ec42f3f7ea22,dua-audio,audio/opus
dua/dua_439.opus,dua__dua_439.opus,29328,01174a0f06b4549420e4fe79e616f0cabee59ca15de368ae5aabcec766a9128c,dua-audio,audio/opus
dua/dua_44.opus,dua__dua_44.opus,403524,4458f176730a1c82b579d45fef058101044628f648bd75abb11752e88b5ff11b,dua-audio,audio/opus
dua/dua_440.opus,dua__dua_440.opus,155128,88841b41d3742817b62a96c5c9378613ccc611b3c1e7830454436ae48e465076,dua-audio,audio/opus
dua/dua_441.opus,dua__dua_441.opus,132769,b0963b28a1d9a914bbbdccf5e85b62d73fa05bef09686a300ca437bfa83d0870,dua-audio,audio/opus
dua/dua_442.opus,dua__dua_442.opus,32104,4189eecb57cb982a9fd1260e0f161daea6a7cdaea00ff3bc66215788f03dacfd,dua-audio,audio/opus
dua/dua_443.opus,dua__dua_443.opus,80867,e3b29b99eafbf2274911d14f55b3cf577bd94fb5e6b12e10ad34099a5596b24e,dua-audio,audio/opus
dua/dua_444.opus,dua__dua_444.opus,15906,171aa01273aae59ea20bc7c5d05e331036db2b5c6f4f9e6a830d361f733bd335,dua-audio,audio/opus
dua/dua_445.opus,dua__dua_445.opus,33520,f6a70546d35ec9dfa65fe6b8d07a602bfdc27242c0d7d9cf4b1b27f299c43e7b,dua-audio,audio/opus
dua/dua_446.opus,dua__dua_446.opus,22747,3ef98b802e89b47d2e1947e69fbbf82148520ede288acecfb234945308bb2534,dua-audio,audio/opus
dua/dua_447.opus,dua__dua_447.opus,53588,3d677c8eb2362f882773cd141b14055283cb373ceb32f92788c7c5a2dac2641a,dua-audio,audio/opus
dua/dua_448.opus,dua__dua_448.opus,69610,96657ba37214dc011c90492c8827d77aca57d8d4c0119384120f788de30be94b,dua-audio,audio/opus
dua/dua_449.opus,dua__dua_449.opus,55803,14b8214f44366c65f816c557f2665f1d67c9b60b7c8b295a94c595fb8d64023d,dua-audio,audio/opus
dua/dua_45.opus,dua__dua_45.opus,62386,86bcc39278e86e70e771142e7cab7dd955d200036ec7dcb7302a50b06091d273,dua-audio,audio/opus
dua/dua_450.opus,dua__dua_450.opus,50395,b01f8ae4512b39afcf453401892c430ca2eeaa130f3fecdf7b91223c842cd870,dua-audio,audio/opus
dua/dua_451.opus,dua__dua_451.opus,252543,4de32de90e1a03143a1cf1dc27c915b76b6d066d84203476ab4ea83e10bfe989,dua-audio,audio/opus
dua/dua_452.opus,dua__dua_452.opus,65993,2f53c7c50ba58b592108e893135e60a219d798caf99234a4570d33953aa69116,dua-audio,audio/opus
dua/dua_453.opus,dua__dua_453.opus,46583,6c19bff06c5e9867442faa66c36796594968e9712dc1974af6090e22d2183afd,dua-audio,audio/opus
dua/dua_454.opus,dua__dua_454.opus,28448,ee1244880fce388aa939008f2be3c76737e211c05ed1f3af236ceda09be73ff1,dua-audio,audio/opus
dua/dua_455.opus,dua__dua_455.opus,39495,21eb6f4ecf4a430a30cf967746c55a7a39cf9ff947320a11b88a62b0a03053bd,dua-audio,audio/opus
dua/dua_456.opus,dua__dua_456.opus,61134,2a2858b32603adb7daf981ef0290fc2779ea05b0260e48a27c27d667b7216a19,dua-audio,audio/opus
dua/dua_457.opus,dua__dua_457.opus,42148,c5003e7e0835c488b7d4a24b4bd6b5e29a793c05bbe67197db17a1cbdca6fd9d,dua-audio,audio/opus
dua/dua_458.opus,dua__dua_458.opus,51746,6e47db6dce60ea122fafea442f9b78d4eaafd935503f880c4b978057dad4083c,dua-audio,audio/opus
dua/dua_459.opus,dua__dua_459.opus,31962,bb228a812c6e1a4acc8673e9db8e5a56dae3f91bb50313b89c2b93f250ec8ccf,dua-audio,audio/opus
dua/dua_46.opus,dua__dua_46.opus,409990,3ab62499d4026e5e4da2a6216db22dc84bfa7c26b64c99f9cc4424d212146f63,dua-audio,audio/opus
dua/dua_460.opus,dua__dua_460.opus,42119,d4a9541cc8076b311009558e926426c58d9ab4f04045a288e6e8dbf7449d9e17,dua-audio,audio/opus
dua/dua_461.opus,dua__dua_461.opus,292868,eeb389ad406b7bf3725c7187c8d46ebac8759f065622f8a55d4541a37e8d8a1c,dua-audio,audio/opus
dua/dua_462.opus,dua__dua_462.opus,63555,bc31f4d3d11abf48430705b073eef64d0c4ee02b07119814a2edf5ae72279cd2,dua-audio,audio/opus
dua/dua_463.opus,dua__dua_463.opus,53003,0e1d19d652b414a332d2d110e347821878b2227fc8bf6a4766a6112e33a21ddb,dua-audio,audio/opus
dua/dua_464.opus,dua__dua_464.opus,305420,9cd5f1c3797f92fa474e6a1e3f2415d6ac61297dcb7f1c2d3b7bf9f149d117b2,dua-audio,audio/opus
dua/dua_465.opus,dua__dua_465.opus,97819,41e9213c926434d37b392ffbe945a899d80362204edabb739af49d3f545842b4,dua-audio,audio/opus
dua/dua_466.opus,dua__dua_466.opus,147490,f997eb5829bba9846a87359afd597080557cf7acd134b7430a933cd53be50003,dua-audio,audio/opus
dua/dua_467.opus,dua__dua_467.opus,90259,8a48f546b0845886d5b3ba53b82844948977e3ed455cad0465fb2cae6c2551e9,dua-audio,audio/opus
dua/dua_468.opus,dua__dua_468.opus,161807,dcbacf674d7a586fa43a52f012add05f5dae39b1b6bc03815ee6401effc8597a,dua-audio,audio/opus
dua/dua_469.opus,dua__dua_469.opus,82518,8ec2e431ce0881854bfb9f69be294866c7119082cfa3ce30f3857fbe7d732a70,dua-audio,audio/opus
dua/dua_47.opus,dua__dua_47.opus,353732,f97597ec70f83cfa1d6d513b21f9e0ef070ab7a33c24a8343393e8def0df83e9,dua-audio,audio/opus
dua/dua_470.opus,dua__dua_470.opus,89312,a555b60316f4de03a5a86eea388dc59f2aa7f8a050f2351fda81c06007a72b3e,dua-audio,audio/opus
dua/dua_471.opus,dua__dua_471.opus,67062,70f2bdc69d7a80935cdf8d30d7a2453ce0430d0b0bf86ffba8956ef2e3d545a5,dua-audio,audio/opus
dua/dua_472.opus,dua__dua_472.opus,43314,9bf9efdc5aaa28f6d7fb61c8b039269efad9d832e8f9d35c06afe0aae72469a9,dua-audio,audio/opus
dua/dua_473.opus,dua__dua_473.opus,55536,6b61ca9601f209c8753f969f67da70ab035d2d901991c8882a7d649aebbf4ff7,dua-audio,audio/opus
dua/dua_474.opus,dua__dua_474.opus,67533,8869abd64b0a50156d71ba1f2a2ac3cdd3b3a59adc24f5f443aebec7a1206f79,dua-audio,audio/opus
dua/dua_475.opus,dua__dua_475.opus,83891,9fba9d83e106f409860f31582c9631b777f20ed46cca6f09d2d8b9d78350f6ca,dua-audio,audio/opus
dua/dua_476.opus,dua__dua_476.opus,38510,5ef9210d8d047c761639be07199f4f283ee55258e78b59a2c9fe72fece77ca17,dua-audio,audio/opus
dua/dua_477.opus,dua__dua_477.opus,14470,04d1443732a188041fb87cd75ead79c4b5557a6bb5c5c30aef3c6ce04cd0f2f0,dua-audio,audio/opus
dua/dua_478.opus,dua__dua_478.opus,15077,edd54f168dbaa31068ddd8e99d726eeaf400770ccbaf16b63c3669dd683cb213,dua-audio,audio/opus
dua/dua_479.opus,dua__dua_479.opus,24377,2b04b987bb0ae75eba33c0d3e2ce8b22a2687f5dd580b56b86ed5a310daa58b8,dua-audio,audio/opus
dua/dua_48.opus,dua__dua_48.opus,139256,d6ff973083ca7a0352aae77dac62d29108a735e99598aed781145e7fcc6b25a6,dua-audio,audio/opus
dua/dua_480.opus,dua__dua_480.opus,106123,fc8513e1ea9ce7bb6c585ee2d2312079dc913648c6d3e553f01fa9af4c6b5b9f,dua-audio,audio/opus
dua/dua_481.opus,dua__dua_481.opus,65308,f9b51833213336a69d3dd1c32e68c65bd5b00da1ad43f6f28d0c26c7be6e1797,dua-audio,audio/opus
dua/dua_482.opus,dua__dua_482.opus,17016,f775bdd2679d1df31ce844d35460cfeb4b93fe934bab800bccd32a4f8850afa8,dua-audio,audio/opus
dua/dua_483.opus,dua__dua_483.opus,58413,bf4a25adadef636e3223a4adc1d99874705e0fb87c7556f5ef043112a6715d2c,dua-audio,audio/opus
dua/dua_484.opus,dua__dua_484.opus,75576,1c1b8faeec11f28c280f782bf04635ebfbfe74314ac59921b2a5cea57bc2477d,dua-audio,audio/opus
dua/dua_485.opus,dua__dua_485.opus,29945,0a5ce2a639e3e7f89c03f8d8ddf6612c30c0a432247ae0987e2d107bf87aa077,dua-audio,audio/opus
dua/dua_486.opus,dua__dua_486.opus,87417,3c24294ff1a7060debdfd055c599a6609cf0dd74613d501fe04d08a511b511d5,dua-audio,audio/opus
dua/dua_487.opus,dua__dua_487.opus,49357,6be449771d49a5a236f9c046f0ac296672fa719a53ad1af1bbf31977c859a60f,dua-audio,audio/opus
dua/dua_488.opus,dua__dua_488.opus,62401,595270bfb3b336e1f8351f957d23b7ef38f1be532d1ce3f0bee9fd70615821ef,dua-audio,audio/opus
dua/dua_489.opus,dua__dua_489.opus,1321976,769fbccfc94f77117358f235485fcc275c69f2167b22f6033ac0380de49c028e,dua-audio,audio/opus
dua/dua_49.opus,dua__dua_49.opus,192380,960047fd3cd4ef36bf422b41369ce31c6eb834cedf866e44a13243f202695797,dua-audio,audio/opus
dua/dua_490.opus,dua__dua_490.opus,163656,cc97bf553857a12df242428f9fb3c3435a4a651aaa98cac95788d043a0c6827b,dua-audio,audio/opus
dua/dua_491.opus,dua__dua_491.opus,72133,62068eed2d12447a5fa7049be92e246cfc7a349453ffb2d75e0419bce06b03e3,dua-audio,audio/opus
dua/dua_5.opus,dua__dua_5.opus,50221,48f4f6939a45a4090dc69fe6d0f9e1f0ab4f1272463157e4332eef55836e9531,dua-audio,audio/opus
dua/dua_50.opus,dua__dua_50.opus,1614872,70a7d22b8b371749cb9a448fc049a79385fe9448170a15dfb004347d96ddaf37,dua-audio,audio/opus
dua/dua_51.opus,dua__dua_51.opus,5626937,18e43a3631d50c6b5cb10cd994a4c6ef5a0c645141c1f33edca0c592e393b265,dua-audio,audio/opus
dua/dua_53.opus,dua__dua_53.opus,1568475,c1c47a29bd2702080dcf0867d86ef7973bff75cd85fe284ab0713f2e6f7d2cb0,dua-audio,audio/opus
dua/dua_54.opus,dua__dua_54.opus,2131706,f6abc3d44b1922e3b6510c213867422f4ff529a08e977b688d4a799f6ecdcaaf,dua-audio,audio/opus
dua/dua_55.opus,dua__dua_55.opus,168305,0c7ca0144bbbc9a8f8f2f75bb06abaa475cbeffbcf49c6e2a7faeb0f8bf569b9,dua-audio,audio/opus
dua/dua_56.opus,dua__dua_56.opus,326383,11ece4b3ed5d551f8cbdee34a4c673ab9114a33365b01353dbfe354a025ca36d,dua-audio,audio/opus
dua/dua_57.opus,dua__dua_57.opus,1212069,b281d4cb4d693ffea09421ed9ec4523279e3a223b461bbfaa1e573b4f2b9267c,dua-audio,audio/opus
dua/dua_58.opus,dua__dua_58.opus,169559,dc912fa4bb658ee8fac1486073abc8936ae3b40c44d9d12f12e59b6cbc2f2228,dua-audio,audio/opus
dua/dua_59.opus,dua__dua_59.opus,107553,f5e4450a8f90b2d48a7997a7611ed719fe7e365f77c443961d3a277676775541,dua-audio,audio/opus
dua/dua_6.opus,dua__dua_6.opus,47013,4282b97ff5ad8a9b22c4eb6fee231d03b656f59805236fa09ba9ca69cc25fd11,dua-audio,audio/opus
dua/dua_60.opus,dua__dua_60.opus,214124,6b626caa7f12ef9c8cd4c874a80c43e86c70ea06e67c494be46d98c836c4f9a3,dua-audio,audio/opus
dua/dua_61.opus,dua__dua_61.opus,149205,daab88a29ebb82372fbdca92940588c41bdadbbc1f3594b1a334b163ac6905dd,dua-audio,audio/opus
dua/dua_62.opus,dua__dua_62.opus,98321,c6ba45f458bd1701826d3a94c49710ba628761e9cef4a35449579137216f0929,dua-audio,audio/opus
dua/dua_63.opus,dua__dua_63.opus,65315,6298b2f2791b345f81c7414ab008d25b6260bd2a7501a5148f98f193d8c1fa33,dua-audio,audio/opus
dua/dua_64.opus,dua__dua_64.opus,107689,63e06a2d09d20218ba30f92e183c1073b1e0b39d34f6d660ddab0b3ee5105256,dua-audio,audio/opus
dua/dua_65.opus,dua__dua_65.opus,129637,cac3e8f8542e13fd670b6f637ebbd1d88d7d057135b6f31a9437962246b1b5e2,dua-audio,audio/opus
dua/dua_66.opus,dua__dua_66.opus,221164,da85a1456ec620e520232dda0f2cd2dca0e5379f7ba7e76a67caef72ec04ada9,dua-audio,audio/opus
dua/dua_67.opus,dua__dua_67.opus,130938,35ede4386010fb9ac78e3e0df8fa4186277c6caf619e787435cacaa75537b5e3,dua-audio,audio/opus
dua/dua_68.opus,dua__dua_68.opus,389129,f387742807a283b6fa7baaf210da789bd0633faf9e7a4abdfb2bc97cbe82b519,dua-audio,audio/opus
dua/dua_69.opus,dua__dua_69.opus,59548,583fdc734de672294648073a0347f124a7edecfc5ef08a8b737a4f4f715fdad1,dua-audio,audio/opus
dua/dua_7.opus,dua__dua_7.opus,58427,4b927d4024433542eb09756286a4732ee36e1bb797b1bd7659c4e18821e55482,dua-audio,audio/opus
dua/dua_70.opus,dua__dua_70.opus,409990,6d95cb4f02e69b0686faaadcd4ea1e6109bb37e77e941f8bc2c638dcbc2e236c,dua-audio,audio/opus
dua/dua_71.opus,dua__dua_71.opus,353732,eb8eadda7bfe1dc80c187c20d51af0d0247c4b2eca7edea524cb00f5b1fda667,dua-audio,audio/opus
dua/dua_72.opus,dua__dua_72.opus,139256,dc2f997871a251094c6e9ff228f0fc34f8d49583986e410402f0789f85c06006,dua-audio,audio/opus
dua/dua_73.opus,dua__dua_73.opus,192380,178c2f267f9e75697eccb1f9221118dad25b9127395f0ad79d1c6b9ef1a6e0e0,dua-audio,audio/opus
dua/dua_74.opus,dua__dua_74.opus,1614872,5863d7f35094f03962d6d4a08e5807a491f08d607a679e192e3210ed5b179f81,dua-audio,audio/opus
dua/dua_75.opus,dua__dua_75.opus,5626937,4fd88a8a8c3ba331b90af196dfb9ba32dbdb5580b7f040d2fe32282fe085c983,dua-audio,audio/opus
dua/dua_76.opus,dua__dua_76.opus,2981593,55ab752f4219cfc15762e126d4b2d848218a1b8f7a524b705061f21ab773d3a6,dua-audio,audio/opus
dua/dua_77.opus,dua__dua_77.opus,1568475,f671b619f8573a263f0bf89181c80e1935e307717eff3bb60f1fa99b8077b8cf,dua-audio,audio/opus
dua/dua_78.opus,dua__dua_78.opus,104707,d5fbb2a8f39752403bec2e1c7ca4dd79215428d1c0c1cea51a25cbc006119e96,dua-audio,audio/opus
dua/dua_79.opus,dua__dua_79.opus,4229461,105c0e8a7cb2c780d011bb9ef89149d2ce67d7317000ebb9e4017daeda2ae42b,dua-audio,audio/opus
dua/dua_8.opus,dua__dua_8.opus,58341,e5ba8b4541ebfc25628aae8eccf55e96216b97b8a2686b76bc094804a7c3ebf5,dua-audio,audio/opus
dua/dua_80.opus,dua__dua_80.opus,257052,fc128a777a8ab17fc968f1e64c56ad397c2b6a6c5ee3cd253aaf3bb4bceb6a61,dua-audio,audio/opus
dua/dua_81.opus,dua__dua_81.opus,418888,acc4bd2c032220bec3f82771d6f19fe76d82afe737097397249f27ea3c7b408d,dua-audio,audio/opus
dua/dua_82.opus,dua__dua_82.opus,210406,22a19391ec4c36d270d53cad20c9c18aa1da2e74aba7dfb80f821cc12d09ba49,dua-audio,audio/opus
dua/dua_83.opus,dua__dua_83.opus,1077527,f505d9bcfd5c1c53f88bbffcc7d1c196085c6de292dc4aa9e0d13fbb20c6ea87,dua-audio,audio/opus
dua/dua_84.opus,dua__dua_84.opus,1007141,44b37c73d634a875f5dd3c001b4f40b54febfa39363b90b24cf90de30342702f,dua-audio,audio/opus
dua/dua_85.opus,dua__dua_85.opus,85950,c02f6ad3820a193ddb44936010ecf666b851e3c89c70e47b55a433ab79be1492,dua-audio,audio/opus
dua/dua_86.opus,dua__dua_86.opus,76200,94d83be5e5b62a4925528dde392085fa38ac2ab2dd432d30d2bcd5492e9fbf48,dua-audio,audio/opus
dua/dua_87.opus,dua__dua_87.opus,73227,b9f67f2947b5eba5c39679dd83f847ace9830884201c2ad83f5ca90adf607bdc,dua-audio,audio/opus
dua/dua_88.opus,dua__dua_88.opus,149205,c022db38c968af820ab80a2fe763ff00217730121ad77c1119c577fa8f78df4f,dua-audio,audio/opus
dua/dua_89.opus,dua__dua_89.opus,248375,c3bfbd1be230a694ac923dd80638c2526ea11de89eec85504470ee6ed76ec1e8,dua-audio,audio/opus
dua/dua_9.opus,dua__dua_9.opus,23914,9157394d431171216870ac1fac4e5f73b25748460f2ff7954a4525deba62917f,dua-audio,audio/opus
dua/dua_90.opus,dua__dua_90.opus,143540,0bcbf9f7e4e02ef4463d4a503171b4dfebe3dd6199b2d93f79c7ab968d096eac,dua-audio,audio/opus
dua/dua_91.opus,dua__dua_91.opus,102786,7e0a7b8fddbee01ca167ea31b8b5052b3dd2364cde8c88a00103fd54ce38de09,dua-audio,audio/opus
dua/dua_92.opus,dua__dua_92.opus,77828,f37c5f18aad19ab11a780da5f33ea632c346181253817d799e737e8df9b673e4,dua-audio,audio/opus
dua/dua_93.opus,dua__dua_93.opus,117195,4a2961c0920f31b2cf45052b399ebc30f66e58e2b310efbfba89df8c86c18b78,dua-audio,audio/opus
dua/dua_94.opus,dua__dua_94.opus,25211,6e79437da17bae4c6ea8f12103130415a2f9efcb4ef136f1787573c1b339144e,dua-audio,audio/opus
dua/dua_95.opus,dua__dua_95.opus,127802,cc0e076b00497c753c938b053fc8825134809caad4fe44105d3f19f48723d870,dua-audio,audio/opus
dua/dua_96.opus,dua__dua_96.opus,154880,fb8b0717d3827ba546d2da4ab7b3a5bcdbe4334bc3e80bc3f788043235b2aaa9,dua-audio,audio/opus
dua/dua_97.opus,dua__dua_97.opus,1321976,3e200518364a10090e09e504c813d9afb1b79a110644ff66c721ba536dac8609,dua-audio,audio/opus
dua/dua_98.opus,dua__dua_98.opus,163656,341f7d301ed14eae234c19915854c7618e580572d3b7453b85688ac8a9a8d22c,dua-audio,audio/opus
dua/dua_99.opus,dua__dua_99.opus,160767,74761c381f82ccc19961dfbb46168c052b6a0d9090207fa5b4e9e71a585c811a,dua-audio,audio/opus
fonts/kfqpc/page_1.ttf,fonts__kfqpc__page_1.ttf,80604,85099681c9a6e4aba8ad01885c212ba3af724c002cf5bb65d82afc5da8024623,font,font/ttf
fonts/kfqpc/page_10.ttf,fonts__kfqpc__page_10.ttf,155148,326f4e178285145c5bbd65579bc7dfc4d469cd8947b4b2dabefe5921f6133ef4,font,font/ttf
fonts/kfqpc/page_100.ttf,fonts__kfqpc__page_100.ttf,163468,9e9e1241fef6382aadb58fa99094af3055daee723d5d72da428861830056cb5f,font,font/ttf
fonts/kfqpc/page_101.ttf,fonts__kfqpc__page_101.ttf,159900,daf95532e86683919886f600a45ee7939e4234e0732492d8a7f5ee9e0e0b89c1,font,font/ttf
fonts/kfqpc/page_102.ttf,fonts__kfqpc__page_102.ttf,159952,246ab7d1ce7550f4dc4a9efbc332fef66e81ea9ae8c73ef199f66edf5c236b72,font,font/ttf
fonts/kfqpc/page_103.ttf,fonts__kfqpc__page_103.ttf,163504,85d5d4e6d7251d305225a665bd204c524b65bc086f4a8b8c8c9f64f9a9391e8f,font,font/ttf
fonts/kfqpc/page_104.ttf,fonts__kfqpc__page_104.ttf,157172,223fd7ba1c95c9f9b13ee55498dbfa9090331e6f3dc2154710654c790099d957,font,font/ttf
fonts/kfqpc/page_105.ttf,fonts__kfqpc__page_105.ttf,150488,d970a3ac8e233bffbaae9b32624ec7c7fd1eaf59e1813df1998b3b78c05ce6c0,font,font/ttf
fonts/kfqpc/page_106.ttf,fonts__kfqpc__page_106.ttf,147168,510ba8d2ffa1c3837056acbd2a1edf6bfa148f2c1e1221f9b9132a82683fe87e,font,font/ttf
fonts/kfqpc/page_107.ttf,fonts__kfqpc__page_107.ttf,164408,05538e3858111927f9f68e4193e008661cc8eb27e64894fa4fe44d857ac54832,font,font/ttf
fonts/kfqpc/page_108.ttf,fonts__kfqpc__page_108.ttf,150512,0197e3688d087b67fe2bb89242dd9561a61c72a3d560a34fc91591441890e0ca,font,font/ttf
fonts/kfqpc/page_109.ttf,fonts__kfqpc__page_109.ttf,146876,c019652e1323f07a14a19aaff4a4c35f2378eeea9f25d2ab17911a02f64307d1,font,font/ttf
fonts/kfqpc/page_11.ttf,fonts__kfqpc__page_11.ttf,157712,6cafcc9f7b80b84fff391ec20aa9dbe9ebc90159a2d0849dff8de1268b243dd2,font,font/ttf
fonts/kfqpc/page_110.ttf,fonts__kfqpc__page_110.ttf,138932,2a870182494779959153d7a1562de0f432bf6f9a1168d24394c69a763a422b3b,font,font/ttf
fonts/kfqpc/page_111.ttf,fonts__kfqpc__page_111.ttf,158472,ba49913697b17b77520fdccaa0d47904ea657503f059a896bdffd77792b911ac,font,font/ttf
fonts/kfqpc/page_112.ttf,fonts__kfqpc__page_112.ttf,157220,1d64423966909b41c274ddc504829d2e49b5d69b5d21f37b9e83bbd9e9711e94,font,font/ttf
fonts/kfqpc/page_113.ttf,fonts__kfqpc__page_113.ttf,149200,36f3a5a6d2fe306ca92337e13904135dae703f1a3903f71e0dc7be2e09bb1b3a,font,font/ttf
fonts/kfqpc/page_114.ttf,fonts__kfqpc__page_114.ttf,152008,2d3f748c6c15936c3f725fbc3702af97dbb10d073b56fa0747dd232cf741518d,font,font/ttf
fonts/kfqpc/page_115.ttf,fonts__kfqpc__page_115.ttf,150072,48a4b3c04bdb8b2b00fb43d456ba0bd52a58935d81fcb93d143d1bb2a135daa1,font,font/ttf
fonts/kfqpc/page_116.ttf,fonts__kfqpc__page_116.ttf,159764,eda6116cd61f9a56b46ca1c5686d38421d91224840831ba828b29b7dbee18f0b,font,font/ttf
fonts/kfqpc/page_117.ttf,fonts__kfqpc__page_117.ttf,173244,a79f98336fc77398012dbb80f0bc6b0b449f23020559b6542e04863448ffce3c,font,font/ttf
fonts/kfqpc/page_118.ttf,fonts__kfqpc__page_118.ttf,169088,2a41f4758e7f4dcd879c5d2cbdb9054d73661ce39fbfecc03a713fb86a1836d3,font,font/ttf
fonts/kfqpc/page_119.ttf,fonts__kfqpc__page_119.ttf,158884,a9574093411fbb89126c2ac2807ea4e78e803de192cce8a7fa5741d168dc3ea0,font,font/ttf
fonts/kfqpc/page_12.ttf,fonts__kfqpc__page_12.ttf,148408,e67f38b112e8ecb699332ec045616711ea88b3e816d0a2df067ebdb285c8fd84,font,font/ttf
fonts/kfqpc/page_120.ttf,fonts__kfqpc__page_120.ttf,149764,cff8ec52640af18301619bf4f24a05fdd258271574eeee3e6fce001858ea41d0,font,font/ttf
fonts/kfqpc/page_121.ttf,fonts__kfqpc__page_121.ttf,143052,94f5b04ba620a55bfc9d47c9380bdcb6f65013a396b63ce0e0009a1975869853,font,font/ttf
fonts/kfqpc/page_122.ttf,fonts__kfqpc__page_122.ttf,160472,1c630fe3a970f855ff9f3e732f77e9b55ec4a26b65bcde6814f62c70a92dd802,font,font/ttf
fonts/kfqpc/page_123.ttf,fonts__kfqpc__page_123.ttf,168628,c094416dbf8f5051354e3caed39adffba03d29b1bd589841d763143dc66a482b,font,font/ttf
fonts/kfqpc/page_124.ttf,fonts__kfqpc__page_124.ttf,161048,b688f76edb776a8401b40fd6609249ae1c742667eafccb9f02c01a5f7a2db0ec,font,font/ttf
fonts/kfqpc/page_125.ttf,fonts__kfqpc__page_125.ttf,162504,9c74a4f1b07fad3254ba64acc78d6ec6d9c01e27b3f54c2667ffb944ec812dd0,font,font/ttf
fonts/kfqpc/page_126.ttf,fonts__kfqpc__page_126.ttf,155016,bf5d99dd01abdee35bc897d1c9395b63d7665ea9c8ff074ede1c47b95c3db8f3,font,font/ttf
fonts/kfqpc/page_127.ttf,fonts__kfqpc__page_127.ttf,165140,48197755fafd97959e9112f1e2b69a621973d92f2688b6efbdd221f18c95cae6,font,font/ttf
fonts/kfqpc/page_128.ttf,fonts__kfqpc__page_128.ttf,146584,c9b32b1b8d0e5c12a421137d68430294c1ef662b77a79433471aae1d607d25ee,font,font/ttf
fonts/kfqpc/page_129.ttf,fonts__kfqpc__page_129.ttf,155012,d6642bc2c1018f221bbea8952b992aa4c2292626f01967e1790ae1fa765f514e,font,font/ttf
fonts/kfqpc/page_13.ttf,fonts__kfqpc__page_13.ttf,151796,4e5ccb218ae95eef25ba9a1ca4222e1607d809b8826714e7872e3ed02a96585c,font,font/ttf
fonts/kfqpc/page_130.ttf,fonts__kfqpc__page_130.ttf,173592,b843cefdf4b579962a365ba4d233fb5387a515c1ccaa95fc02c17491f0ba7200,font,font/ttf
fonts/kfqpc/page_131.ttf,fonts__kfqpc__page_131.ttf,164812,0437eb1a90bcf40582061d3c0ccb613b81ba3b6f5e70dd9efeb50a521ec39bc5,font,font/ttf
fonts/kfqpc/page_132.ttf,fonts__kfqpc__page_132.ttf,165356,cf747f20219308cbffb5e8043396e04587aa503a81e815084ae1d1741a783230,font,font/ttf
fonts/kfqpc/page_133.ttf,fonts__kfqpc__page_133.ttf,161344,e8a3bc175bff10ad8d786347a71b7d7b5a4c0cb9afc7800bc5c8116c7051e70e,font,font/ttf
fonts/kfqpc/page_134.ttf,fonts__kfqpc__page_134.ttf,159044,f3ca8a5d2055870d0d7dbe369acf136dcade5e98a0a6997b1a23bb1621456cee,font,font/ttf
fonts/kfqpc/page_135.ttf,fonts__kfqpc__page_135.ttf,167672,abe36942db7be55b9882dc9a01e05bdca330a51e6116db286a36f3c1d22fc966,font,font/ttf
fonts/kfqpc/page_136.ttf,fonts__kfqpc__page_136.ttf,154076,abf7368d6ff936c342c2b59380fe3f93b078c599ffd1f9dbaa957245a1b8639f,font,font/ttf
fonts/kfqpc/page_137.ttf,fonts__kfqpc__page_137.ttf,157380,a666fad5872eeb5cdc952c37d435cf59b36ca905dfcd488e3778169b81cee26f,font,font/ttf
fonts/kfqpc/page_138.ttf,fonts__kfqpc__page_138.ttf,160740,cd0fad2d8280d37f0cfee4b35382a6f4d6842ee317f0ce40aa703152fbe2b20f,font,font/ttf
fonts/kfqpc/page_139.ttf,fonts__kfqpc__page_139.ttf,165308,f482d53c81e02d9e1d5b61531ae45bf36b7b2b85e38a17b9828e2e2c5bd14e21,font,font/ttf
fonts/kfqpc/page_14.ttf,fonts__kfqpc__page_14.ttf,146608,f5b994b44b1c93a41284e234f93f201b63ee41a94b601ce8916b6a4f7b692438,font,font/ttf
fonts/kfqpc/page_140.ttf,fonts__kfqpc__page_140.ttf,165064,7de6511f3e458a54e8b673dd016df4021ddd1eac1e7faa1742d1d2c097e69618,font,font/ttf
fonts/kfqpc/page_141.ttf,fonts__kfqpc__page_141.ttf,163704,44b7427c4f658af785fd26161a8f150997b95f63365e3fac954d816457ca884b,font,font/ttf
fonts/kfqpc/page_142.ttf,fonts__kfqpc__page_142.ttf,163004,57daf759c4694d7cd360c663f8c65114f22714041523727887ca0a6e061dc22c,font,font/ttf
fonts/kfqpc/page_143.ttf,fonts__kfqpc__page_143.ttf,157400,572d1a9ca6cd0926ace23a52986191964bb6f6f22cc61ca1418c1c39918ccf87,font,font/ttf
fonts/kfqpc/page_144.ttf,fonts__kfqpc__page_144.ttf,160360,81ed657c31ea464fb4f27b0dd4e762e2da63075d1ab32f5ea0d821ac98cfd0eb,font,font/ttf
fonts/kfqpc/page_145.ttf,fonts__kfqpc__page_145.ttf,140308,70499284c1ffbe4bb6caa6c7a808331488449dd87dde66c3ef654309ce8c2e22,font,font/ttf
fonts/kfqpc/page_146.ttf,fonts__kfqpc__page_146.ttf,152388,329fccaeda99d2d6758a7be44791fd252ad28bbce0d9202739fdcde1e6d3504f,font,font/ttf
fonts/kfqpc/page_147.ttf,fonts__kfqpc__page_147.ttf,151536,8d934b05a66de5ac1efcad6cee9ffcb96041396491bc026bdd6d77f4ff9c3e6f,font,font/ttf
fonts/kfqpc/page_148.ttf,fonts__kfqpc__page_148.ttf,155376,f220cc45540b7f5b318241a4f2381f0cd7e8d0a1999e341a793693e37c5f1f68,font,font/ttf
fonts/kfqpc/page_149.ttf,fonts__kfqpc__page_149.ttf,157468,087bed69101bdeb472c734ce3625997faf70494d2590b0218c224a96a91e7f13,font,font/ttf
fonts/kfqpc/page_15.ttf,fonts__kfqpc__page_15.ttf,147032,4b909475301cf9bb32324112123823980fcd85336f3658aae694bbec5f9137eb,font,font/ttf
fonts/kfqpc/page_150.ttf,fonts__kfqpc__page_150.ttf,167864,3ebd1fbe428f648feeb690046b06630d9c482b400e3bbdc5ffc6e9f2faa8ef52,font,font/ttf
fonts/kfqpc/page_151.ttf,fonts__kfqpc__page_151.ttf,146016,d71ddb5d6e5c48b69ec8034ba7a3c2a4f6d8d8ef9f84a3af10fa4ad8dcfec084,font,font/ttf
fonts/kfqpc/page_152.ttf,fonts__kfqpc__page_152.ttf,167552,37380a498409608cde8334eb97dde6bf8c42d879709a901964ff07469d3ac44e,font,font/ttf
fonts/kfqpc/page_153.ttf,fonts__kfqpc__page_153.ttf,163584,08edea847d18856a3fd80defc9cdf7d8aa397d280742677a3f441321646c1be9,font,font/ttf
fonts/kfqpc/page_154.ttf,fonts__kfqpc__page_154.ttf,168984,64a34890ce613cd3223f90e43cbb33c6df108eb78e9ce775965baa7bed5a54c3,font,font/ttf
fonts/kfqpc/page_155.ttf,fonts__kfqpc__page_155.ttf,159540,60f54025d7e7e90c81b56435f4954a6eef7e6424778eb92421efd6b81d577c5a,font,font/ttf
fonts/kfqpc/page_156.ttf,fonts__kfqpc__page_156.ttf,162676,e7b67cc111c0e832e1e123960f063c46c703a9eea203c0345796e835cb32e188,font,font/ttf
fonts/kfqpc/page_157.ttf,fonts__kfqpc__page_157.ttf,160072,cb9eafcc0d0b9bd13bfd355d32c0584e2057450fcf6f524d207e1527f94aafa8,font,font/ttf
fonts/kfqpc/page_158.ttf,fonts__kfqpc__page_158.ttf,161032,5ac407f86e38d226662ceef1781b111960171d264cafe33ec51291f2f8522d75,font,font/ttf
fonts/kfqpc/page_159.ttf,fonts__kfqpc__page_159.ttf,151228,ddc5efe4d320ef2a3011ac604e3e7699fd4a83b72ff7b073fed4cc933ccf3a96,font,font/ttf
fonts/kfqpc/page_16.ttf,fonts__kfqpc__page_16.ttf,145364,939e2ae2ab40a48fcf15324baac89dda78fc23142ea88a0e2c394e262d55b2a2,font,font/ttf
fonts/kfqpc/page_160.ttf,fonts__kfqpc__page_160.ttf,150136,6240ce44d89f6149505f4da284829bcfd8af0b4e2350a826532a003280cb8a59,font,font/ttf
fonts/kfqpc/page_161.ttf,fonts__kfqpc__page_161.ttf,148376,65034da15996f14fe548492f15e36aa0474ac1eb1c310214a730ac8faa5a9d3d,font,font/ttf
fonts/kfqpc/page_162.ttf,fonts__kfqpc__page_162.ttf,163604,64a09104b0bd4fa0b51a719b453f7fb5762f0abf99f5940f7cff78f4467c5b63,font,font/ttf
fonts/kfqpc/page_163.ttf,fonts__kfqpc__page_163.ttf,156532,1272e12f7575d7bcd86b215e6b3b22ecc929683734827f4170629c98cf384a2a,font,font/ttf
fonts/kfqpc/page_164.ttf,fonts__kfqpc__page_164.ttf,161784,f636a1a03953ab5ddbb89579f089ab8b327d8c22d6619d8ce4b28d735b1290c0,font,font/ttf
fonts/kfqpc/page_165.ttf,fonts__kfqpc__page_165.ttf,159996,f01b5c873d35d1764748c269fa520cb5f0c6ab69b4a9ee0222416d566bf386ab,font,font/ttf
fonts/kfqpc/page_166.ttf,fonts__kfqpc__page_166.ttf,154892,d30ca1f13902d04cfb12b8955eb6227d83c10661b67e1e3debc4886fb9f08f60,font,font/ttf
fonts/kfqpc/page_167.ttf,fonts__kfqpc__page_167.ttf,152100,7fb8dceec9232c0defb1c59183dd2c516c41aaef9db164438a06fe0ae162bb69,font,font/ttf
fonts/kfqpc/page_168.ttf,fonts__kfqpc__page_168.ttf,151060,fc509be55574dd37aebb2e5de10872c469f164092bdf8b21428f2441911edac5,font,font/ttf
fonts/kfqpc/page_169.ttf,fonts__kfqpc__page_169.ttf,160288,d9c544314bcf0cb029ce5beee66e67926238eb7c3af16358d1e27245864de6fa,font,font/ttf
fonts/kfqpc/page_17.ttf,fonts__kfqpc__page_17.ttf,149540,cab669918bddd473eb8d5e72750820d51e17315ae85cce5032ff1aca9d55fbf1,font,font/ttf
fonts/kfqpc/page_170.ttf,fonts__kfqpc__page_170.ttf,152744,669131fa6b4fa65ad0242521ff5d6127651fbf3eae4ab45db6190273c015c9ea,font,font/ttf
fonts/kfqpc/page_171.ttf,fonts__kfqpc__page_171.ttf,144896,aeb2e45fcd6ba6254224c1ea8af6ef377f525d9a92b0dc680bb9878c417ac50d,font,font/ttf
fonts/kfqpc/page_172.ttf,fonts__kfqpc__page_172.ttf,161948,e62be01601f1e186c7c4c139db004b0b4b921001d66589500518fd78abae09b7,font,font/ttf
fonts/kfqpc/page_173.ttf,fonts__kfqpc__page_173.ttf,163340,b6cd54fc455378134ed1006fe6e75433a96bcdfc5684f5ec562df7a23038e1ad,font,font/ttf
fonts/kfqpc/page_174.ttf,fonts__kfqpc__page_174.ttf,168252,082db605d55d17cb791910637836f619f7c17269282cc353a1ea43109aaec3ff,font,font/ttf
fonts/kfqpc/page_175.ttf,fonts__kfqpc__page_175.ttf,160432,eca95ae303ca5b41c1fec712bb219ed2352c248204653e02eb0883523ba4a190,font,font/ttf
fonts/kfqpc/page_176.ttf,fonts__kfqpc__page_176.ttf,162408,e59be216d5ff371ddd8c8ce42a86f479e109554fb9c2adbaa040ffd72293c84e,font,font/ttf
fonts/kfqpc/page_177.ttf,fonts__kfqpc__page_177.ttf,146500,4db68f597cc836e59c88521b95703c70fec23d2cfe3624ad664845e1eef63554,font,font/ttf
fonts/kfqpc/page_178.ttf,fonts__kfqpc__page_178.ttf,158512,23313405eb02d1ac9cb17ca0b46f12eee7c97b6243933077520134647166acde,font,font/ttf
fonts/kfqpc/page_179.ttf,fonts__kfqpc__page_179.ttf,157780,7a7390ba0e57128ed2b8d90ce9d5ac45f9eed8e9820c476de01cec17b49b9ac8,font,font/ttf
fonts/kfqpc/page_18.ttf,fonts__kfqpc__page_18.ttf,154632,092ef42fb7b1cb68e242b78d374c50132026786a0744608b8ea43686fcbe8892,font,font/ttf
fonts/kfqpc/page_180.ttf,fonts__kfqpc__page_180.ttf,157668,0e307d84f64e208e89b6b764865b37bca20380ad32ea52775e1ef34d1cfed1f9,font,font/ttf
fonts/kfqpc/page_181.ttf,fonts__kfqpc__page_181.ttf,150668,1d3021129c9f236353c22b8cc7b199b26d8e5a8b650e356f0eb730e2e207b7c0,font,font/ttf
fonts/kfqpc/page_182.ttf,fonts__kfqpc__page_182.ttf,154548,7cf3f4a4d238b881cfd521cba13c83f4e6a4d51951b849ce738fb2bb338275c6,font,font/ttf
fonts/kfqpc/page_183.ttf,fonts__kfqpc__page_183.ttf,154748,fd102b019c8e974640bfa7a0551bdcd03978b53feaefd6cb462d14a78f354d37,font,font/ttf
fonts/kfqpc/page_184.ttf,fonts__kfqpc__page_184.ttf,159292,fee930f16d8568d04b28280626ba5f851fab497ff91783e028598876ae437ee8,font,font/ttf
fonts/kfqpc/page_185.ttf,fonts__kfqpc__page_185.ttf,161628,b385fa6b863b6f6ee9449856ebb55b5858ac5200aa435ee7aa8c0651f156d4fc,font,font/ttf
fonts/kfqpc/page_186.ttf,fonts__kfqpc__page_186.ttf,163876,aafc48533e86d6b0381da9f530fd164cf979c8dc5e3545006c4ed27e3ddb596e,font,font/ttf
fonts/kfqpc/page_187.ttf,fonts__kfqpc__page_187.ttf,157436,395c72665a9d0e630cc972f5ea22316b3dc9b4e793664a2f6d219cb2b41dee1b,font,font/ttf
fonts/kfqpc/page_188.ttf,fonts__kfqpc__page_188.ttf,151804,a7bf10371f579de79ec71b6ef9fe7303224e0e9b2d7357dcfda15957ffd500d5,font,font/ttf
fonts/kfqpc/page_189.ttf,fonts__kfqpc__page_189.ttf,159060,63fe46730f9fc0ed0b359e500247bafcbad1382564fd63b529abbed72188c0e7,font,font/ttf
fonts/kfqpc/page_19.ttf,fonts__kfqpc__page_19.ttf,160332,15042c124cc33f78c8c7528329fe26a3e0075091c8852022584dc7d12ad27579,font,font/ttf
fonts/kfqpc/page_190.ttf,fonts__kfqpc__page_190.ttf,152656,76865b98078b98d511fcb6c5f49491de232fddd3a9c523fce8168d6362b0a1f8,font,font/ttf
fonts/kfqpc/page_191.ttf,fonts__kfqpc__page_191.ttf,145432,54a593c6ebc7efe3e109ecc04c6d4e5f1052bce0e728cfab1ca43affd2a3710d,font,font/ttf
fonts/kfqpc/page_192.ttf,fonts__kfqpc__page_192.ttf,150668,36fe37ec35b5d9fda2fd1e10519ae4e8bda0294804043dce1cea7b45889cad41,font,font/ttf
fonts/kfqpc/page_193.ttf,fonts__kfqpc__page_193.ttf,146848,2f139a0c3da11be36a287df5f30460bb731ace24a16085e2754a70629ce708f8,font,font/ttf
fonts/kfqpc/page_194.ttf,fonts__kfqpc__page_194.ttf,156832,f1b3d8dd71e4310513ac903e2ddc1502c72e92cd3b88fb2e62de9c84020e9305,font,font/ttf
fonts/kfqpc/page_195.ttf,fonts__kfqpc__page_195.ttf,149244,86a8a9a2b9455b711f54484821ce27250ae303ab23d8ce2225065f6050ca2cbb,font,font/ttf
fonts/kfqpc/page_196.ttf,fonts__kfqpc__page_196.ttf,158724,342210f1b6f5473753f75ee62f764854750b24b1043b1d119e7889baca0d4c9f,font,font/ttf
fonts/kfqpc/page_197.ttf,fonts__kfqpc__page_197.ttf,154468,64133307bddbe5418e659151b542a63901972dfe025b1c2ae65836fd6562b770,font,font/ttf
fonts/kfqpc/page_198.ttf,fonts__kfqpc__page_198.ttf,156148,0a930da23bb7fc0b7f60c5d252b63b00ac7b3a8205066f853516775376c3f37a,font,font/ttf
fonts/kfqpc/page_199.ttf,fonts__kfqpc__page_199.ttf,156036,c545dddf386385d6a9eecc40a23fd95f93a200c598d5082db0e8c7da555f2d5c,font,font/ttf
fonts/kfqpc/page_2.ttf,fonts__kfqpc__page_2.ttf,83428,6d6ce98f3ba8dd38715ee4c84fc5daf0966d472abed83822feb4a74e03b2f0a9,font,font/ttf
fonts/kfqpc/page_20.ttf,fonts__kfqpc__page_20.ttf,155108,f1b01a6fa89393054cc45f87a0578f9f4e01ebc937b9cbebb4f01c583f788f5e,font,font/ttf
fonts/kfqpc/page_200.ttf,fonts__kfqpc__page_200.ttf,163312,66914385bf20e876564087da072b78d771d73cfbd38a674b9877efd1f2655b72,font,font/ttf
fonts/kfqpc/page_201.ttf,fonts__kfqpc__page_201.ttf,155820,eb39f3db17c69c195eed9d24dfdfe342b8aa39033527138a6141f56726e775bf,font,font/ttf
fonts/kfqpc/page_202.ttf,fonts__kfqpc__page_202.ttf,156752,f29002ebec22240ec50de74646c91c666323b03734be077a07f5b69eb5f39666,font,font/ttf
fonts/kfqpc/page_203.ttf,fonts__kfqpc__page_203.ttf,160376,2aef23ede3a5e5724e404d00b813c46fff78a4d6ebc8f9eb2d1b7d378e73998f,font,font/ttf
fonts/kfqpc/page_204.ttf,fonts__kfqpc__page_204.ttf,155944,8ef0efc09774b4c1676e3b1ff518a1f16a7b9ec12b9e6b769925a2e11d48ccbd,font,font/ttf
fonts/kfqpc/page_205.ttf,fonts__kfqpc__page_205.ttf,148372,e5851e26b42a44b36711575c22648863b977d8fd414578a4db4852ed66ade543,font,font/ttf
fonts/kfqpc/page_206.ttf,fonts__kfqpc__page_206.ttf,156332,a4f0fa0992da28635afeb832a1db04fab08d6e0ee460acf074ca6f8f059a53a9,font,font/ttf
fonts/kfqpc/page_207.ttf,fonts__kfqpc__page_207.ttf,144856,824e36281c60dbe6367ae7e4c7379d602b9b5cb14e7eeb44765dd4d434a46356,font,font/ttf
fonts/kfqpc/page_208.ttf,fonts__kfqpc__page_208.ttf,148524,b8f016b0da1317226416873966c1a46eee08ae26657fc83e31b2d276fe498d62,font,font/ttf
fonts/kfqpc/page_209.ttf,fonts__kfqpc__page_209.ttf,158128,2ec30359bf23e2be5c77979d74f35830f4050b7ac287f25f1adb6ffb6cd06ef6,font,font/ttf
fonts/kfqpc/page_21.ttf,fonts__kfqpc__page_21.ttf,150880,491afd922af381206d5665263c016e792e0167b18b92b90e1b422c20d251bdb8,font,font/ttf
fonts/kfqpc/page_210.ttf,fonts__kfqpc__page_210.ttf,152508,6c7aa1a8d0e21a6dd2f2acbf5c290eba1d656088344059fa6d27164604827fc5,font,font/ttf
fonts/kfqpc/page_211.ttf,fonts__kfqpc__page_211.ttf,162312,e135b95f89a0c1d84b82658c2e539375cec4ffbdce622f78f198bffba518240f,font,font/ttf
fonts/kfqpc/page_212.ttf,fonts__kfqpc__page_212.ttf,168976,5c99ed117d89550d4096dafeed60ac475f5ee709865626284d7db4687a28ed70,font,font/ttf
fonts/kfqpc/page_213.ttf,fonts__kfqpc__page_213.ttf,169096,529b5b8f1b85fb24d0e2844e67c62fff86a6c7bd41921429006fd21599dc8338,font,font/ttf
fonts/kfqpc/page_214.ttf,fonts__kfqpc__page_214.ttf,166716,27b37b13c0464363a6bb045c0b21b3475dfdc2379bf4094f5864644dbc832e92,font,font/ttf
fonts/kfqpc/page_215.ttf,fonts__kfqpc__page_215.ttf,160520,ea56173b345044ffa2bc26ebee4bd501d52d50bd850ed29488c2df66e3d243af,font,font/ttf
fonts/kfqpc/page_216.ttf,fonts__kfqpc__page_216.ttf,150536,b4bbaf92b3dfec42a59460f6657b7a0a6fc235e31cd8a8f09ec60ab6b2ab7b4c,font,font/ttf
fonts/kfqpc/page_217.ttf,fonts__kfqpc__page_217.ttf,164088,d655cfefe2b6f9d5ea40356c3dc68774f913c362a05d8621b3b4d27068aa3122,font,font/ttf
fonts/kfqpc/page_218.ttf,fonts__kfqpc__page_218.ttf,162332,2954ef053e653b056132c5eceef9c2d70570bca580fa86941e6197b934e7793a,font,font/ttf
fonts/kfqpc/page_219.ttf,fonts__kfqpc__page_219.ttf,158852,52116c2acab1005f575615c6aeba405ebf384e1e66b3c59ae6519e17e1210dca,font,font/ttf
fonts/kfqpc/page_22.ttf,fonts__kfqpc__page_22.ttf,151812,15f4ee752edb1c49e9d8fbe9f679859264c6eab14d38876ac16020fa478f6786,font,font/ttf
fonts/kfqpc/page_220.ttf,fonts__kfqpc__page_220.ttf,161008,6270f20db448503b2ea476a8b2a9254e7154a8aba1dbe2415d0f5034df14475a,font,font/ttf
fonts/kfqpc/page_221.ttf,fonts__kfqpc__page_221.ttf,149940,32eb855eaa39e98bdbbd821637568de8d2d7208f3fb7c660a5ae88a97290dc02,font,font/ttf
fonts/kfqpc/page_222.ttf,fonts__kfqpc__page_222.ttf,157512,940a15658227b19d9a8ac7288ca52e8f3c26fab039f076312d0ce8a12c70d2b6,font,font/ttf
fonts/kfqpc/page_223.ttf,fonts__kfqpc__page_223.ttf,159412,61f1b7d4fcafcda68cdd848f54bb3b563cd92a629b0ffe902ca72563a3715864,font,font/ttf
fonts/kfqpc/page_224.ttf,fonts__kfqpc__page_224.ttf,159180,c2d4658dd29aa4c89559ba02fb43dbf532fb2d54a53b0eb4d86f5c9940d96af4,font,font/ttf
fonts/kfqpc/page_225.ttf,fonts__kfqpc__page_225.ttf,162508,493e531c9e3f5eafce915f0ee45d53abf5c47c1f47c05aa89387b9eb607e0955,font,font/ttf
fonts/kfqpc/page_226.ttf,fonts__kfqpc__page_226.ttf,157204,af3644a7403c502f440606e6a4d257432fda6ca1dc8debf7b25af0109bb61c35,font,font/ttf
fonts/kfqpc/page_227.ttf,fonts__kfqpc__page_227.ttf,157396,21d8fea7f79753ff83671caa71bab99d9718a2484007b65defdb3af71fa219b9,font,font/ttf
fonts/kfqpc/page_228.ttf,fonts__kfqpc__page_228.ttf,169248,99cc359e89f7ef1b1e4780ceb58c8311945e85c6f8f91832c9b334aaa8fa6ba2,font,font/ttf
fonts/kfqpc/page_229.ttf,fonts__kfqpc__page_229.ttf,155704,46305624ed8db57433c3380bc39432bf527ed8e51712da217867e9c3c45389de,font,font/ttf
fonts/kfqpc/page_23.ttf,fonts__kfqpc__page_23.ttf,156020,d87c3017d211db8fa7fa45abc02039819d20633bf844309d1e21516252cf0a3e,font,font/ttf
fonts/kfqpc/page_230.ttf,fonts__kfqpc__page_230.ttf,165760,9fbf4b68882341b5c4bc7a944f6671f2c0a7926b34dd10cae9e2b85d0103861e,font,font/ttf
fonts/kfqpc/page_231.ttf,fonts__kfqpc__page_231.ttf,151228,dd57cfcccb96701aed3c79ce317be85d400462aceed6d9752ed9af820ec29d94,font,font/ttf
fonts/kfqpc/page_232.ttf,fonts__kfqpc__page_232.ttf,156720,ef93d1b1fa2a8b945e63df19a7c6abb2a23f52aaca1d2b1afdab182f720b45f3,font,font/ttf
fonts/kfqpc/page_233.ttf,fonts__kfqpc__page_233.ttf,163172,1dc7f946a29d25900f2e2ea5281700d1874845461ee75ef492624d10c4310de1,font,font/ttf
fonts/kfqpc/page_234.ttf,fonts__kfqpc__page_234.ttf,159108,c688e4c7830646f23d5e14900f6d2d4590a30c28798bea066254ae800eb18981,font,font/ttf
fonts/kfqpc/page_235.ttf,fonts__kfqpc__page_235.ttf,146504,bb47d4ed68b1b8a5f2a3e46bb45f0c62ed591597d46ce476552c29c494c735fd,font,font/ttf
fonts/kfqpc/page_236.ttf,fonts__kfqpc__page_236.ttf,160888,a6ea6158df16f59bdb0adc1c506fe869c52c92d540ed26cf12bb0914bff86005,font,font/ttf
fonts/kfqpc/page_237.ttf,fonts__kfqpc__page_237.ttf,157028,3caa246b8bdc9b2cbf6fad8e27bf832984a08013d41bca2ad4f1669d1215ae97,font,font/ttf
fonts/kfqpc/page_238.ttf,fonts__kfqpc__page_238.ttf,154848,7256c70e3204a11977fed9a4f3d63c15e5b586b7bfdac87b092f067df8b2e50e,font,font/ttf
fonts/kfqpc/page_239.ttf,fonts__kfqpc__page_239.ttf,167328,bb3b24cfcfb9ce5ec4f42dad2aae3aa522953385b489e547a3cf1f1fded955fb,font,font/ttf
fonts/kfqpc/page_24.ttf,fonts__kfqpc__page_24.ttf,155864,b349cfc40ea06dfe068c4a5f5bc7fd037ca0d7a786d8bc859c840a937b71e9ca,font,font/ttf
fonts/kfqpc/page_240.ttf,fonts__kfqpc__page_240.ttf,157028,84ca8bac8aa461e11727f01f5b5c13151c86ead772f991c765acf7fab0cd2759,font,font/ttf
fonts/kfqpc/page_241.ttf,fonts__kfqpc__page_241.ttf,163580,eb2a07b02713e5dd1063f14c7af24c9a52b28ca6c16de1588a1f5284eceb5633,font,font/ttf
fonts/kfqpc/page_242.ttf,fonts__kfqpc__page_242.ttf,164676,6fbdb7e3c9b1ed29f23dad2ae03fa63669ad637502d4f4bcaf14c1ee49e0aca2,font,font/ttf
fonts/kfqpc/page_243.ttf,fonts__kfqpc__page_243.ttf,156964,a6277bf3cb49ea8675cee6c5e771e89c328b17f1dc2e18a5b2f0e143959b658c,font,font/ttf
fonts/kfqpc/page_244.ttf,fonts__kfqpc__page_244.ttf,157376,76437d780e07669c25fdb5eef1b06f40d600d92fdcc3b286760982c3941aa9a0,font,font/ttf
fonts/kfqpc/page_245.ttf,fonts__kfqpc__page_245.ttf,154672,1ef2b82bf990b7401c9fa9c017fbb92774266038be9cec8b71f988684cca41f4,font,font/ttf
fonts/kfqpc/page_246.ttf,fonts__kfqpc__page_246.ttf,154740,df76074a7e48b205b4051125960273ad3d575807db1e98779f4bccf5d70bc692,font,font/ttf
fonts/kfqpc/page_247.ttf,fonts__kfqpc__page_247.ttf,160040,6b5d8990fb0cebca340410701a67f9bafdf9bef565f27402b8ed92918ed5a3b3,font,font/ttf
fonts/kfqpc/page_248.ttf,fonts__kfqpc__page_248.ttf,159872,92b97eb6eeb4aa90d241998256751c608269fcf5a3abf829e2169a16272ba980,font,font/ttf
fonts/kfqpc/page_249.ttf,fonts__kfqpc__page_249.ttf,148736,3717482bcdb5bd29f83eb581201869285de52183f433424863b8d593b0f14f3e,font,font/ttf
fonts/kfqpc/page_25.ttf,fonts__kfqpc__page_25.ttf,146700,a9ca4a43f81ccfc9225d9007841ebd2e4ccd710365ecacc1ba0c4eb4a893e425,font,font/ttf
fonts/kfqpc/page_250.ttf,fonts__kfqpc__page_250.ttf,157908,08c955987f7e39b9d2175b717066db298223376df3a333c14b8452beaf72ef1a,font,font/ttf
fonts/kfqpc/page_251.ttf,fonts__kfqpc__page_251.ttf,171540,ba5cb82e57c23eae6132f642c9a9df01cfb33403b634d99b93c82d33a465e07b,font,font/ttf
fonts/kfqpc/page_252.ttf,fonts__kfqpc__page_252.ttf,173780,60921a7d0285ccb57dda9b140aa572e6d47c8ebf7793ffe41d1090726a617c02,font,font/ttf
fonts/kfqpc/page_253.ttf,fonts__kfqpc__page_253.ttf,165216,e331d1d10378ab1db848833a126844c3505d9e8ff69a5cbe74e0f3ee02aa21db,font,font/ttf
fonts/kfqpc/page_254.ttf,fonts__kfqpc__page_254.ttf,165400,f8cb91036a5a2aa64511f75cb5ef33a7ef23fcc80aa1f7142f2233be2116a3fc,font,font/ttf
fonts/kfqpc/page_255.ttf,fonts__kfqpc__page_255.ttf,135584,97dee4ad11e811fbdd932cec3ff0e0968b27d82b06f20c5a0b618b11f85abc64,font,font/ttf
fonts/kfqpc/page_256.ttf,fonts__kfqpc__page_256.ttf,156048,758d94d57ccd1a964e5d2f35ab123b8eeb43584418844f729f1a496e2bc83ca0,font,font/ttf
fonts/kfqpc/page_257.ttf,fonts__kfqpc__page_257.ttf,152780,866e8582e26e85531682ca20e082685b7d3306efcc2226401248dfecb9a444cb,font,font/ttf
fonts/kfqpc/page_258.ttf,fonts__kfqpc__page_258.ttf,156040,bcddc2ca317fffb14e731741878bd02bc298cf19f693b1b739dfc25e0f05e195,font,font/ttf
fonts/kfqpc/page_259.ttf,fonts__kfqpc__page_259.ttf,159660,d97c7b432085c8a32442110964fffbaa4853a0b59ad1d9a07b7ead8e00043e27,font,font/ttf
fonts/kfqpc/page_26.ttf,fonts__kfqpc__page_26.ttf,150180,22692e56e64710dc7d552cd662c586c3c385aa18638e38895186aaf8973701ed,font,font/ttf
fonts/kfqpc/page_260.ttf,fonts__kfqpc__page_260.ttf,158428,5a2c5f6b9c1d4d673a63857399e7a76a82824106923312073f5667b6ed3b3183,font,font/ttf
fonts/kfqpc/page_261.ttf,fonts__kfqpc__page_261.ttf,157776,b902c48fd767637e5072ecf49d3db4f6591e597f4379be7b22f88f03b9af3613,font,font/ttf
fonts/kfqpc/page_262.ttf,fonts__kfqpc__page_262.ttf,148876,666e9cfa706478c6c90000351281ed818ff36e5fca73014fb66a47e6af1eb23c,font,font/ttf
fonts/kfqpc/page_263.ttf,fonts__kfqpc__page_263.ttf,165020,9afb7cda6198ec7e693a173a828f56b87084eba079de4f8d0e4d4d8be435c27b,font,font/ttf
fonts/kfqpc/page_264.ttf,fonts__kfqpc__page_264.ttf,162640,161352fca6247eef0fb960e44486c182a20a40a7ae041f9cef47db75179d5cdf,font,font/ttf
fonts/kfqpc/page_265.ttf,fonts__kfqpc__page_265.ttf,164256,245455b185f7f7b534ab8ccf6db90ea3d0db96bb1eff59a924b0053b74c11f00,font,font/ttf
fonts/kfqpc/page_266.ttf,fonts__kfqpc__page_266.ttf,166828,de1d1f27202fd0cac0d27aff733ee41feb622843089dc974cb8ac62834934dcc,font,font/ttf
fonts/kfqpc/page_267.ttf,fonts__kfqpc__page_267.ttf,147840,81c125aa327de87516d07096d534f8eb0296274a97f212bbded0dff6aa7707c5,font,font/ttf
fonts/kfqpc/page_268.ttf,fonts__kfqpc__page_268.ttf,152284,73ea509fac8168067543c67ee70d9f788c6226916530dcdc60ef03316730221d,font,font/ttf
fonts/kfqpc/page_269.ttf,fonts__kfqpc__page_269.ttf,159256,17b5d205e509f9f450314b64b794e85237f7324accbe9cca8a17c9de70a45900,font,font/ttf
fonts/kfqpc/page_27.ttf,fonts__kfqpc__page_27.ttf,160144,a9be6f2d5a64e835fd6e6a3579d6a74a7143b6e7894ba76d3c20367f61e9efbd,font,font/ttf
fonts/kfqpc/page_270.ttf,fonts__kfqpc__page_270.ttf,161320,b5d5b647eecb5040171424d0c102b207cc379549f829cf17b6a415025669c3f1,font,font/ttf
fonts/kfqpc/page_271.ttf,fonts__kfqpc__page_271.ttf,158428,95d59fbfda7c0cfd1cd5880aef45807690c2fdf89a04f8383a645e4de1758c6f,font,font/ttf
fonts/kfqpc/page_272.ttf,fonts__kfqpc__page_272.ttf,170508,52aa7ca5d412dfd81227ad14992324ed8525e2ab02badb5c97d572540e989401,font,font/ttf
fonts/kfqpc/page_273.ttf,fonts__kfqpc__page_273.ttf,166920,401d718c7dc29508ec03b1efe396c4684cca2febe112b976d2800277497b207f,font,font/ttf
fonts/kfqpc/page_274.ttf,fonts__kfqpc__page_274.ttf,165192,22ed813311829bd4ca3252753c47b6215b2d81176f983a716f31679cdab07c66,font,font/ttf
fonts/kfqpc/page_275.ttf,fonts__kfqpc__page_275.ttf,158040,3af5383cd6f9a2fc71fb50d0a812f553e33f7145e8537d6589f1c67f792f4108,font,font/ttf
fonts/kfqpc/page_276.ttf,fonts__kfqpc__page_276.ttf,156056,0ea7291c77f8a7faea78e116e622562054d06e4fde6fc502182090e79b8fc8d4,font,font/ttf
fonts/kfqpc/page_277.ttf,fonts__kfqpc__page_277.ttf,151364,69847f28b57fbbaf467b042ca567cbbdd2372fc9b5516e8ab1e21c549af105e9,font,font/ttf
fonts/kfqpc/page_278.ttf,fonts__kfqpc__page_278.ttf,154884,958b7d2a06959bb911a0e2566ddae6ac13f7fb125cfd295ce6589c6f8520fe20,font,font/ttf
fonts/kfqpc/page_279.ttf,fonts__kfqpc__page_279.ttf,149092,2656473b8716e449fbb0d77afd2818f6d620b3ee871771b52b6509e912893371,font,font/ttf
fonts/kfqpc/page_28.ttf,fonts__kfqpc__page_28.ttf,145720,e6a68f1e120fbeb41de1decda9362c93775024d43d5f117cd4dfdb70537c9746,font,font/ttf
fonts/kfqpc/page_280.ttf,fonts__kfqpc__page_280.ttf,156384,e1a50cc2db22a344965c00db6f6ca76c37c19e00eea842c74a38f1209e7b273e,font,font/ttf
fonts/kfqpc/page_281.ttf,fonts__kfqpc__page_281.ttf,157092,2c4b52cd10ff386fa0ab956c50777db7855aa2e8df0e4c3d4c9f29b32b4e46da,font,font/ttf
fonts/kfqpc/page_282.ttf,fonts__kfqpc__page_282.ttf,139844,907f647683cbce5fabb88ef93a3ca2dd9ad42e9259fa357f55d8818cdcda15ae,font,font/ttf
fonts/kfqpc/page_283.ttf,fonts__kfqpc__page_283.ttf,165544,cb7171044765326f2f9ade7e5a37c0730cb3d64c29cbeff01bf77a6dccab8336,font,font/ttf
fonts/kfqpc/page_284.ttf,fonts__kfqpc__page_284.ttf,162408,3f4efc6bb790ba83ec60663c9cd8f4edb302d5769ddca9376a54cfcade950cbf,font,font/ttf
fonts/kfqpc/page_285.ttf,fonts__kfqpc__page_285.ttf,167548,966873c3133e8a5dd51ab29b6f7eac5a805a21e3c124f19ad9402021ac1308e0,font,font/ttf
fonts/kfqpc/page_286.ttf,fonts__kfqpc__page_286.ttf,170572,e883ca49dbef7b6ead4a862e4296abeaf0a175350b927df68c2058c0b632f615,font,font/ttf
fonts/kfqpc/page_287.ttf,fonts__kfqpc__page_287.ttf,163712,6ecfc085e04005d7fbb685649de404ef49bdfa715a9b0ead4303056a66665da3,font,font/ttf
fonts/kfqpc/page_288.ttf,fonts__kfqpc__page_288.ttf,159176,5ce42e778feb465b681fde909abcb905e4f9161b9afb9e2e44c927a8e3228434,font,font/ttf
fonts/kfqpc/page_289.ttf,fonts__kfqpc__page_289.ttf,157012,711ef5565715b85951062f4dfc162f2438846f46c0bdc4850f77971c117839a3,font,font/ttf
fonts/kfqpc/page_29.ttf,fonts__kfqpc__page_29.ttf,152356,610d7b6b787e38fef5e80d12fed9fec0b92e593293934cf34c176cfdb12ebe75,font,font/ttf
fonts/kfqpc/page_290.ttf,fonts__kfqpc__page_290.ttf,158340,89b46d5d8cd94b3f247ad4943b87c7dcc15422dce58072a1756d183d7cf3b943,font,font/ttf
fonts/kfqpc/page_291.ttf,fonts__kfqpc__page_291.ttf,158832,b760278b5b1ea6953fee326abeb7d3fc6c0745427e921d66204097419a0d5941,font,font/ttf
fonts/kfqpc/page_292.ttf,fonts__kfqpc__page_292.ttf,165320,929a17f2af1307d3ecf13a9255dd905750c91fc8eda44de06816ca7bc532fd7d,font,font/ttf
fonts/kfqpc/page_293.ttf,fonts__kfqpc__page_293.ttf,154548,691fc99f3b38b9032e4775a32cc6a9155edf247441f77c87de6987e898c639d3,font,font/ttf
fonts/kfqpc/page_294.ttf,fonts__kfqpc__page_294.ttf,156560,847772a192d22b40f77c387dfad1f53da087aa85b6faba6fb52f3445ba8f23b4,font,font/ttf
fonts/kfqpc/page_295.ttf,fonts__kfqpc__page_295.ttf,155936,78c2c16746fafef72783d4faadcecb70a6eeb7d5ba1f77523317fdd66268d492,font,font/ttf
fonts/kfqpc/page_296.ttf,fonts__kfqpc__page_296.ttf,156196,38afbdfc15ebe7055b7105883f623134b47151729a50345a37cc6f252898c542,font,font/ttf
fonts/kfqpc/page_297.ttf,fonts__kfqpc__page_297.ttf,162288,d8660188228b4c9d2f02ea1d47a4ab3719b970cd14447d092249de231e0bb832,font,font/ttf
fonts/kfqpc/page_298.ttf,fonts__kfqpc__page_298.ttf,165068,f09bd9c98669045b227ebba54ec44080c2decf0d1096d6fccd9224bbed800a32,font,font/ttf
fonts/kfqpc/page_299.ttf,fonts__kfqpc__page_299.ttf,160852,08215c0d5dff6ee2bd2ec30bd0c0c759937e0fb8e04f0a30cb7cc64a49473d4e,font,font/ttf
fonts/kfqpc/page_3.ttf,fonts__kfqpc__page_3.ttf,154584,222a5ddc9f41a8e9788f680f1047b3cf342eba0b1fc6b89e01b9f1b47c74181d,font,font/ttf
fonts/kfqpc/page_30.ttf,fonts__kfqpc__page_30.ttf,169984,64fb4f31d2a87c2811876aeb604c43d7942acfe4a84c1eb4a4f120f378b37f36,font,font/ttf
fonts/kfqpc/page_300.ttf,fonts__kfqpc__page_300.ttf,159008,d6a956395c6c45ff88177ad9d183e2939b143e55a4be26558fccc1f065a9b748,font,font/ttf
fonts/kfqpc/page_301.ttf,fonts__kfqpc__page_301.ttf,155488,4c089eb7a026fa46a24d1716fb1780af39b527b7168ae9625533e2e7bab03e63,font,font/ttf
fonts/kfqpc/page_302.ttf,fonts__kfqpc__page_302.ttf,156300,1294a2e5072edd8be69ddc90c14de63d702d933470ee94d3d8110d297f157008,font,font/ttf
fonts/kfqpc/page_303.ttf,fonts__kfqpc__page_303.ttf,163080,719c41c3d14308ad1e43631e4ba0fd6c0883528e92ffb4837e10ae80b0af94b8,font,font/ttf
fonts/kfqpc/page_304.ttf,fonts__kfqpc__page_304.ttf,166720,d2b35662b2b22c07587df75584c1679bce61f19d319529add37662683acf0665,font,font/ttf
fonts/kfqpc/page_305.ttf,fonts__kfqpc__page_305.ttf,132064,0028d77a0a0a2a01677061794642c9d95ef432b6cfc98a3eb4bcefd80affa1db,font,font/ttf
fonts/kfqpc/page_306.ttf,fonts__kfqpc__page_306.ttf,149496,2a88bdc71a5cf43f191318b8940b2eb631d69047e0da9cb97d668859ad6beaea,font,font/ttf
fonts/kfqpc/page_307.ttf,fonts__kfqpc__page_307.ttf,155692,5d7a7d8df01f5663de242f2942c57ceb3e6e38f64b8b63df231adc756d68eb45,font,font/ttf
fonts/kfqpc/page_308.ttf,fonts__kfqpc__page_308.ttf,157552,c7d7cc36ea9af9caeee8f47952993fbc2e432474495607600bccb424a730455c,font,font/ttf
fonts/kfqpc/page_309.ttf,fonts__kfqpc__page_309.ttf,161576,4f3ec297d325392eda0b40802cda2cf84217e3181a81d8244c662bf1879e7039,font,font/ttf
fonts/kfqpc/page_31.ttf,fonts__kfqpc__page_31.ttf,140376,e3e08eeb42c5d3f501fdcb56aff787bffa3e54bd721e044d4d4e32b3473e55b6,font,font/ttf
fonts/kfqpc/page_310.ttf,fonts__kfqpc__page_310.ttf,157636,9781943fe36b940cdc8376fe34d5a76df8a468243dc165887b12235521a308e1,font,font/ttf
fonts/kfqpc/page_311.ttf,fonts__kfqpc__page_311.ttf,156840,1fa345c757c42cc0f617ae6a844ab6f3cba066b83f5b20259f553b769774d3c7,font,font/ttf
fonts/kfqpc/page_312.ttf,fonts__kfqpc__page_312.ttf,141396,bdaaba8e65f96dc614781b246ae11585e580bfd35d822ca6da7ed18897349180,font,font/ttf
fonts/kfqpc/page_313.ttf,fonts__kfqpc__page_313.ttf,160300,12e9a24800b89392afeb9c13c0c88f219cc87d5cb3bef3a6c699ced0733b048b,font,font/ttf
fonts/kfqpc/page_314.ttf,fonts__kfqpc__page_314.ttf,164192,bc19ed3a14a637a140231acfde06971ae1ecb3210ae116402317395ba9f8efa4,font,font/ttf
fonts/kfqpc/page_315.ttf,fonts__kfqpc__page_315.ttf,158272,47fae0d1474cb491bf36a07d768a8fef7886db49fb5c7d076c22950e9e41ea91,font,font/ttf
fonts/kfqpc/page_316.ttf,fonts__kfqpc__page_316.ttf,162080,cc32e81468ee81c4c06778cfffdc369662f6cd9b16b4cb4498c6e6e0ef7e9402,font,font/ttf
fonts/kfqpc/page_317.ttf,fonts__kfqpc__page_317.ttf,159648,343b217e9d0a7be7f468372b539e83e37d21f53a845e9e6be90b12801b3d9ea0,font,font/ttf
fonts/kfqpc/page_318.ttf,fonts__kfqpc__page_318.ttf,158432,14e04d3bb70b71903f09a99ef4ae77f189b8455a72eafb1662dca74677ed77d1,font,font/ttf
fonts/kfqpc/page_319.ttf,fonts__kfqpc__page_319.ttf,165460,0735c5a20b3f4515bc2b5850570102449df20abd189411b297db90e4d3a38125,font,font/ttf
fonts/kfqpc/page_32.ttf,fonts__kfqpc__page_32.ttf,149768,0baa8fc5d05645a912db41c74b6f07a2ec4b24ea1292d70f64d341217b5d211f,font,font/ttf
fonts/kfqpc/page_320.ttf,fonts__kfqpc__page_320.ttf,158728,8a8025b8053bcc3ee2e149a0c6e7fc45c9af3329f9ef180e4e283773ffdfafef,font,font/ttf
fonts/kfqpc/page_321.ttf,fonts__kfqpc__page_321.ttf,165904,13a86af7acc2c12e252f5616ef0a1f1c4d6481193c8c62f89c973e35daa6c275,font,font/ttf
fonts/kfqpc/page_322.ttf,fonts__kfqpc__page_322.ttf,142372,c997b594d166e80ecbeefbeff71528cd3caa22a09747df57bcd914bbf20c5d0e,font,font/ttf
fonts/kfqpc/page_323.ttf,fonts__kfqpc__page_323.ttf,164180,93f20ef0adfcd986f41e76541251b7d5eafa6c56649aa138dc8798c27cac8c45,font,font/ttf
fonts/kfqpc/page_324.ttf,fonts__kfqpc__page_324.ttf,160244,ed2b1e6db8e1ba714f5101bb6af611790b21f6bae3781a5e1621c5cdcbb03792,font,font/ttf
fonts/kfqpc/page_325.ttf,fonts__kfqpc__page_325.ttf,149428,7aa9edbf9a336dca36c04410d21dabed599a049551b0d8338b98c6aa12879135,font,font/ttf
fonts/kfqpc/page_326.ttf,fonts__kfqpc__page_326.ttf,160796,0b41a3eb6dc7bdb8ff3d9691b83947a36b2c77c9a1ce89bb923717cd8394db8e,font,font/ttf
fonts/kfqpc/page_327.ttf,fonts__kfqpc__page_327.ttf,159844,948b02ccccd7bf36eaf6515962988622a2868d15b125ce09ba0f510375294ad0,font,font/ttf
fonts/kfqpc/page_328.ttf,fonts__kfqpc__page_328.ttf,156080,397f9cc59f5788a29f1b39c6f1a76aa2ef5d6b2a8d7b69612efdc0782c7f2936,font,font/ttf
fonts/kfqpc/page_329.ttf,fonts__kfqpc__page_329.ttf,147436,96620ea26432b4b2f785489f12fee78f8d325c91e6c16a4b1ffae51bfcc3a011,font,font/ttf
fonts/kfqpc/page_33.ttf,fonts__kfqpc__page_33.ttf,160116,d529bad5287cb9c721f5b9b214628a94b56b63d12a86beaae07a881dbcbe3115,font,font/ttf
fonts/kfqpc/page_330.ttf,fonts__kfqpc__page_330.ttf,146508,7210d01eab3f7ed3f2c02694d9cd29e47295e77c180ae9776cef7676bf01ac0e,font,font/ttf
fonts/kfqpc/page_331.ttf,fonts__kfqpc__page_331.ttf,145648,3f90f261cd5880ebd83cf15a37cf14167c844c488bfd02980d0820ea002cf1b2,font,font/ttf
fonts/kfqpc/page_332.ttf,fonts__kfqpc__page_332.ttf,147832,514964b9d4a756336239863d6b4d7e487f93b90bceea40b5427458e2a819d1a3,font,font/ttf
fonts/kfqpc/page_333.ttf,fonts__kfqpc__page_333.ttf,162652,5f5c14d067a5c04a1c4d2f6d3fe195161aa5453647990f7e207ec2d377da081d,font,font/ttf
fonts/kfqpc/page_334.ttf,fonts__kfqpc__page_334.ttf,158296,f1c4d78e45d82284a261ee9f3058181dbb34405c6cb7248e2daf5117ac06cfce,font,font/ttf
fonts/kfqpc/page_335.ttf,fonts__kfqpc__page_335.ttf,151504,8ce9afe099cf007c05c790ff1b9fa2561cbb895c9f0c7cf680b2fb0c48f4191d,font,font/ttf
fonts/kfqpc/page_336.ttf,fonts__kfqpc__page_336.ttf,165304,a924c3c8d6a0120d89610dfd9b085b97a082f27a7daee83ab04fa9f8fd67cf7a,font,font/ttf
fonts/kfqpc/page_337.ttf,fonts__kfqpc__page_337.ttf,159352,41314ae0f4c9fe61d72829f22b531f72113b38d55e5ff4fc380c1b3f906e661f,font,font/ttf
fonts/kfqpc/page_338.ttf,fonts__kfqpc__page_338.ttf,162872,dbeef69ccf35154a43a13618d2d1ef4dc20a62378e42c291f3ebaf517d539f3c,font,font/ttf
fonts/kfqpc/page_339.ttf,fonts__kfqpc__page_339.ttf,152176,2c026a1e16e64bad69c480854886fed2fc334be2a161b21c2ef740ded316a888,font,font/ttf
fonts/kfqpc/page_34.ttf,fonts__kfqpc__page_34.ttf,151516,1c317bf5db383e8b43438f6962cd5abe951adc2066ed0275bff3175c7df85661,font,font/ttf
fonts/kfqpc/page_340.ttf,fonts__kfqpc__page_340.ttf,158100,4d3c7cd6998ccbdeb71b1c5c7413b4d0122567bbcf8e0aff7d01e463cce35498,font,font/ttf
fonts/kfqpc/page_341.ttf,fonts__kfqpc__page_341.ttf,149764,e1d86e92f2266ad61a96a105ac225e627c4182b48695c5a755b7176f4cf03643,font,font/ttf
fonts/kfqpc/page_342.ttf,fonts__kfqpc__page_342.ttf,155960,19fec839f7c8ba054b255b4a0e52968a259a84488492726945910803f0b51f50,font,font/ttf
fonts/kfqpc/page_343.ttf,fonts__kfqpc__page_343.ttf,166004,56091f51e10017224757998a7766662584843854c13d521e334a8eb41c55efe0,font,font/ttf
fonts/kfqpc/page_344.ttf,fonts__kfqpc__page_344.ttf,171232,dcc4c32145689b89e84dfcbc557182fd1151553a384a25c592bb4c2fb762687b,font,font/ttf
fonts/kfqpc/page_345.ttf,fonts__kfqpc__page_345.ttf,170460,4bca37bdf3af765f82db465d04f686d2b6ebcbe1b0a524e723164899302faf93,font,font/ttf
fonts/kfqpc/page_346.ttf,fonts__kfqpc__page_346.ttf,169488,a401a58c0bbb83d25946dcabb56948802fae27cfa747b0742c17f6ea1e67e656,font,font/ttf
fonts/kfqpc/page_347.ttf,fonts__kfqpc__page_347.ttf,161360,2aaa348776defb086fc1c50c2839185856710781fdcdd034a12a440a521d1ba7,font,font/ttf
fonts/kfqpc/page_348.ttf,fonts__kfqpc__page_348.ttf,161976,77b259bca84971d5cd0b56706d6b3742155bc0a01bc8a7e2a174b799570a7a8f,font,font/ttf
fonts/kfqpc/page_349.ttf,fonts__kfqpc__page_349.ttf,157700,834b8738dfbe6e0ed6cf2f03d2e6c6d69cc0867d0be7a62bed67d07d0e0f2522,font,font/ttf
fonts/kfqpc/page_35.ttf,fonts__kfqpc__page_35.ttf,162460,17a99a18493b088a0ddf8ee95e350b2ebba9eff627b2e8bce7b2b7ced94e54b8,font,font/ttf
fonts/kfqpc/page_350.ttf,fonts__kfqpc__page_350.ttf,165292,a5227e2593cfeea5b3577405d10e0b8eb86f27651bcdf7f14d3699abaa5ab64b,font,font/ttf
fonts/kfqpc/page_351.ttf,fonts__kfqpc__page_351.ttf,169788,6e39ea28acf72cefe057ba87f264cd7ae4ee451ebd0f54beb449ca9cf7fbe97b,font,font/ttf
fonts/kfqpc/page_352.ttf,fonts__kfqpc__page_352.ttf,169588,fb20215226a7f1a964ec81e24ff5cb8d436aeb9bfbfbdc64c13c001165eb3906,font,font/ttf
fonts/kfqpc/page_353.ttf,fonts__kfqpc__page_353.ttf,161476,780160e2eb62e0c99c6102b664af52a6467863b61f1500245865909f5b2418eb,font,font/ttf
fonts/kfqpc/page_354.ttf,fonts__kfqpc__page_354.ttf,167480,da95b209be3caf4cc249fa25e18a08d58307e93ae11f0b3e06ebf648bcb4b222,font,font/ttf
fonts/kfqpc/page_355.ttf,fonts__kfqpc__page_355.ttf,167412,33ccf363ebe0fcb7f2929db5c7cbf9f388cda0cd8c53c50e25979d751aeee7f7,font,font/ttf
fonts/kfqpc/page_356.ttf,fonts__kfqpc__page_356.ttf,173840,402ee1134bbbd2b8248861bfc165a2af84cb87dbcbb1e9003205a710eee274d7,font,font/ttf
fonts/kfqpc/page_357.ttf,fonts__kfqpc__page_357.ttf,163308,873445a499fcf5659a7a1d717e0a0b67b5500001ead3a39d14d4c2b3f56d844f,font,font/ttf
fonts/kfqpc/page_358.ttf,fonts__kfqpc__page_358.ttf,149840,c650ee3adbded641021be257614ef4a556037eaf072b9ad97b1c66b8ae88ec1c,font,font/ttf
fonts/kfqpc/page_359.ttf,fonts__kfqpc__page_359.ttf,146388,ea8cc167fbc054ce5459b17a9e297397434ca1624373435ef7d7dd9560dfcfb1,font,font/ttf
fonts/kfqpc/page_36.ttf,fonts__kfqpc__page_36.ttf,164696,913990b8aa47dac50e8f56d1f3d85a0c9cf819628d299aff52f1c2e133c3abb5,font,font/ttf
fonts/kfqpc/page_360.ttf,fonts__kfqpc__page_360.ttf,156360,cdc4301e8ad02054e654ab2be4cbb30353986e6e536beef1f99291c5dcdbc7e6,font,font/ttf
fonts/kfqpc/page_361.ttf,fonts__kfqpc__page_361.ttf,151784,65293ce492f1b921e62e869883379fca04024891ce00cc384e0069ac10ea0581,font,font/ttf
fonts/kfqpc/page_362.ttf,fonts__kfqpc__page_362.ttf,163192,dd07b622a947702adb30336c43831cabec164d4b007f66ce4712a15dc8a815fd,font,font/ttf
fonts/kfqpc/page_363.ttf,fonts__kfqpc__page_363.ttf,157604,9d0a89228a452c3e49946d6adba909d4470f00187d1e3cff49712df5c2cb1eef,font,font/ttf
fonts/kfqpc/page_364.ttf,fonts__kfqpc__page_364.ttf,162260,7a58418199dc63848a2db6c2248fd4f4ec8dae768b3aecfb2ef9bc74358b4a83,font,font/ttf
fonts/kfqpc/page_365.ttf,fonts__kfqpc__page_365.ttf,158268,38f0917e65f68252a6b3f934b6b8545311735178105a4aac200a2b5fab4c3ad8,font,font/ttf
fonts/kfqpc/page_366.ttf,fonts__kfqpc__page_366.ttf,144936,7ad0489b06898627ba04257d43121e70bb0b1fded5e7e1f343112566461658d0,font,font/ttf
fonts/kfqpc/page_367.ttf,fonts__kfqpc__page_367.ttf,158832,44728dd44a268e2bb10c6be366937025258f49216a88f24211c72db420b6b7ad,font,font/ttf
fonts/kfqpc/page_368.ttf,fonts__kfqpc__page_368.ttf,166388,1828275eb01138072405ce3503edcb8297ee7b7fb5e4a7415382ac3befeddb35,font,font/ttf
fonts/kfqpc/page_369.ttf,fonts__kfqpc__page_369.ttf,172380,d67935880ac916cc66f1382a29039e423b6c1c2fc13fab6fb6c2df0c7b235c21,font,font/ttf
fonts/kfqpc/page_37.ttf,fonts__kfqpc__page_37.ttf,162800,210894e411214ee0fa7e68e2c46ba08a36a60104da1e7d38fe526185377f78f0,font,font/ttf
fonts/kfqpc/page_370.ttf,fonts__kfqpc__page_370.ttf,166668,b8188e03c978d184ef34fbfdfeadce9f2cfc2e287b0645d2bdc7c97682201fc7,font,font/ttf
fonts/kfqpc/page_371.ttf,fonts__kfqpc__page_371.ttf,174024,73d9236b9f82375a92e8e7a69226cb90cb0c32f2b14e7532c0a92c0016c76ab2,font,font/ttf
fonts/kfqpc/page_372.ttf,fonts__kfqpc__page_372.ttf,173084,1a709a70896aa0facf8159fbbfabd10ac7ed59451e445033b42574c86b4bcfb9,font,font/ttf
fonts/kfqpc/page_373.ttf,fonts__kfqpc__page_373.ttf,170480,a4a150e571d5a11515ee005d39f12bde9701ea5cf299ed4bf483c98eb9ab3ef6,font,font/ttf
fonts/kfqpc/page_374.ttf,fonts__kfqpc__page_374.ttf,176188,d38ba469491e12b79e8087696ba3aaaed824815920b0062e05d3c36c988e79fd,font,font/ttf
fonts/kfqpc/page_375.ttf,fonts__kfqpc__page_375.ttf,169816,0980c043532b6e17bf56a3a119add365d4143863b31607c991b98e028745b691,font,font/ttf
fonts/kfqpc/page_376.ttf,fonts__kfqpc__page_376.ttf,160656,3d170b5e00d35fd0bb48007e7ef0df09384502f013828cc0df267702e47181d6,font,font/ttf
fonts/kfqpc/page_377.ttf,fonts__kfqpc__page_377.ttf,163012,3e708ea336aefcaba4fc06de9dd26d97e2b0f372e3b44cfa1ce4b2cf108df739,font,font/ttf
fonts/kfqpc/page_378.ttf,fonts__kfqpc__page_378.ttf,159428,401a0646d2f57b6c757d478f6155882dff795f8c5734448ca9131ee11f8af49b,font,font/ttf
fonts/kfqpc/page_379.ttf,fonts__kfqpc__page_379.ttf,167076,89590869cfab347f6648fc75720376b35b1a49f5fa6edfc191f45d039ef7fd72,font,font/ttf
fonts/kfqpc/page_38.ttf,fonts__kfqpc__page_38.ttf,157572,cb1e210e9b1b0f2045b9ca0c11377cffda35d3bb9d80f83006bcacc218bc000a,font,font/ttf
fonts/kfqpc/page_380.ttf,fonts__kfqpc__page_380.ttf,168184,7b2d305d6021017760f56d1fef58bb218ca2cb6c63a6f7fd3ae094a2eec65c90,font,font/ttf
fonts/kfqpc/page_381.ttf,fonts__kfqpc__page_381.ttf,154348,72ace49846e30a7360a29a666258e27f0757429426f53665ad9861bc935cd22a,font,font/ttf
fonts/kfqpc/page_382.ttf,fonts__kfqpc__page_382.ttf,152632,c7020082d04513d07b5f0933c98d6308dfa37826dc6a7cd803ae6e923e1f57d8,font,font/ttf
fonts/kfqpc/page_383.ttf,fonts__kfqpc__page_383.ttf,163000,53d71b9fcde1fb7949417220c8f0dd9cc3915edf8d54b140e27be41b23c02bc3,font,font/ttf
fonts/kfqpc/page_384.ttf,fonts__kfqpc__page_384.ttf,164952,1fa59e3b36b084c81de7937fbfd436351af1084fdd1e3ec3ad04843e73c77fd7,font,font/ttf
fonts/kfqpc/page_385.ttf,fonts__kfqpc__page_385.ttf,145148,4b6883cb836859d153fb920abe7734c85fe50ee14c7f00c0844e5c293d0fed7f,font,font/ttf
fonts/kfqpc/page_386.ttf,fonts__kfqpc__page_386.ttf,151884,4b106ec1e2362cad3adef6d7b1ad0e6be503d7de5fd0a671320564a271b3867c,font,font/ttf
fonts/kfqpc/page_387.ttf,fonts__kfqpc__page_387.ttf,164372,5c902502680a97535c324ed3522f3dd084cba50ac1b2486add9384c40b506076,font,font/ttf
fonts/kfqpc/page_388.ttf,fonts__kfqpc__page_388.ttf,154088,dd99a2db877d51c1151f869494b9263625cd9d1cfc4dc27e5bae0c7334fe2dd1,font,font/ttf
fonts/kfqpc/page_389.ttf,fonts__kfqpc__page_389.ttf,154460,91753e76fc5e834b280f24aa2bfba25204ad2f3ec8a52ae89773479096f15bb5,font,font/ttf
fonts/kfqpc/page_39.ttf,fonts__kfqpc__page_39.ttf,147896,84bc62ef1fd26c2bf21483e19e50319d80455dffe1c7080b4b0a9af3be4784e5,font,font/ttf
fonts/kfqpc/page_390.ttf,fonts__kfqpc__page_390.ttf,152736,9e99aa82cab18c831b3d25b0ed95faf3936bad20e25b52eb947704cefbb1cbba,font,font/ttf
fonts/kfqpc/page_391.ttf,fonts__kfqpc__page_391.ttf,154724,27f228d51b8194427b87ada2067e709ae404aba27da917a791eea73676285597,font,font/ttf
fonts/kfqpc/page_392.ttf,fonts__kfqpc__page_392.ttf,159524,e0f422a928a5bb10d003a888249c5bf4477e59bb7e84b6ca9058e094a10fcad7,font,font/ttf
fonts/kfqpc/page_393.ttf,fonts__kfqpc__page_393.ttf,163104,e4b4904fafcd80e05f3dc7e82a2a5dd000d02a1292939fe0d72dc486755ddf65,font,font/ttf
fonts/kfqpc/page_394.ttf,fonts__kfqpc__page_394.ttf,155156,31d6ed764673ddf8ab70e292599ede523bf73102f46790f0b0c9e2fa51f5370f,font,font/ttf
fonts/kfqpc/page_395.ttf,fonts__kfqpc__page_395.ttf,157204,985ab5e40d7acd56b7f71d127dc87f0351b4902f88d511b27e784d796c40eb50,font,font/ttf
fonts/kfqpc/page_396.ttf,fonts__kfqpc__page_396.ttf,144880,3b4b4e4013b589cfbb4340320bf45ef786b2f4c964b28fafba934f96c2d95a88,font,font/ttf
fonts/kfqpc/page_397.ttf,fonts__kfqpc__page_397.ttf,156836,f494829384c3f58a58103a325b617fc3afcc4b5e8e8e3e1f1fb60a1d74e5ba85,font,font/ttf
fonts/kfqpc/page_398.ttf,fonts__kfqpc__page_398.ttf,156668,852f94ec323306826c89aa0c43f67ac29b5fd57b91dab6186789f0cb6df84280,font,font/ttf
fonts/kfqpc/page_399.ttf,fonts__kfqpc__page_399.ttf,149660,b91abf3bc96035bc840356be5955e8c4c0fb3bf62c1630cdeb290b6c3f6dcddb,font,font/ttf
fonts/kfqpc/page_4.ttf,fonts__kfqpc__page_4.ttf,156816,bd6e7960b4fa709325aec9057fb240fbadcf54fc2607bbd03ab1f5ee85b9c7f1,font,font/ttf
fonts/kfqpc/page_40.ttf,fonts__kfqpc__page_40.ttf,143148,52eaa36256d73ae047c6a43700bd261fc94c0fbfdc166a7784b512e2479e1677,font,font/ttf
fonts/kfqpc/page_400.ttf,fonts__kfqpc__page_400.ttf,147380,9e430cde8f454fc7949c644a0863d34f9940b71b386719c5f0d92ec0d6505f60,font,font/ttf
fonts/kfqpc/page_401.ttf,fonts__kfqpc__page_401.ttf,147620,fdb765175551d821b8fb6937b6b1e3bb758011955e8d0c4dbe67ca9a0ab4f767,font,font/ttf
fonts/kfqpc/page_402.ttf,fonts__kfqpc__page_402.ttf,151384,feea971e0b892a88d7757ab7dc404bb30646cafc36feb234be0022d10d01b8c9,font,font/ttf
fonts/kfqpc/page_403.ttf,fonts__kfqpc__page_403.ttf,165924,6eb8a9feb5aa726ac16b2b58efefbff88ef8188fffca72307ac1704846567b2d,font,font/ttf
fonts/kfqpc/page_404.ttf,fonts__kfqpc__page_404.ttf,142740,5870ddf7a2ec195dc7ae2a9e97ead703e682781dd946980172a0ec8c5596b450,font,font/ttf
fonts/kfqpc/page_405.ttf,fonts__kfqpc__page_405.ttf,160828,5e3cd4b80fa5751639d39ac3380ceb7bb1d56d9baed24650e1a84e82fa7fb6e8,font,font/ttf
fonts/kfqpc/page_406.ttf,fonts__kfqpc__page_406.ttf,154040,06a1c2eabd913efd0e641e3b5f2ee82bf5c6a526acd6dc2554d24b6e9482e957,font,font/ttf
fonts/kfqpc/page_407.ttf,fonts__kfqpc__page_407.ttf,156712,37ac40d13c8ca916f350687198208cba55c06e1b0750669d680e2afa6c22bc84,font,font/ttf
fonts/kfqpc/page_408.ttf,fonts__kfqpc__page_408.ttf,165904,352f61b09b992ae42c2363a22ff9096f7a275c3533231edf40f1dea3af0a0848,font,font/ttf
fonts/kfqpc/page_409.ttf,fonts__kfqpc__page_409.ttf,162564,36b3e9558a0b3e29589e3ed38ee93940359496d9f59b9e737fec2509ce538f0a,font,font/ttf
fonts/kfqpc/page_41.ttf,fonts__kfqpc__page_41.ttf,140552,264320fdc5bdfb74618aee69ad717f3c4838774c92f0a1e3d501d66177ef3332,font,font/ttf
fonts/kfqpc/page_410.ttf,fonts__kfqpc__page_410.ttf,160976,1eb9ddc55642fde1b9026e12248e713aae633b893235e7998eeaeaf068b08ce0,font,font/ttf
fonts/kfqpc/page_411.ttf,fonts__kfqpc__page_411.ttf,145280,724530ce7ad5a897745b61bc97aa3a266cb297f7407cab52507102e244691fbc,font,font/ttf
fonts/kfqpc/page_412.ttf,fonts__kfqpc__page_412.ttf,160824,e686a597e7f3f704902d7e03894cfd07985689ca7428d52c4db3eaad6207e235,font,font/ttf
fonts/kfqpc/page_413.ttf,fonts__kfqpc__page_413.ttf,162448,2eb8a736dd9b039e07932b47152ccbce68f8da19da53c928726234a63b8de333,font,font/ttf
fonts/kfqpc/page_414.ttf,fonts__kfqpc__page_414.ttf,155028,cdcecdcd5fe648ead862165916f26a03ff30c0e1992c380dc1392b8d02547348,font,font/ttf
fonts/kfqpc/page_415.ttf,fonts__kfqpc__page_415.ttf,152760,d49b40848d89d83d838ad0a9f938ad206bbda04a4173fe3f0875c5b6b95d3ce7,font,font/ttf
fonts/kfqpc/page_416.ttf,fonts__kfqpc__page_416.ttf,158744,9ae8ab8bd688327db7862b3edb4437413ce094280d3a0335a0c61b1a70effda7,font,font/ttf
fonts/kfqpc/page_417.ttf,fonts__kfqpc__page_417.ttf,151520,42ce1f82f4c1ad1f2632cfce83f7a15c5532813d4e314f7a27b5a37e5ecaa528,font,font/ttf
fonts/kfqpc/page_418.ttf,fonts__kfqpc__page_418.ttf,150868,1e812511ddf83977ce51adc1713c0ce4bfc370153d8c37f2fa47e00848b1dab9,font,font/ttf
fonts/kfqpc/page_419.ttf,fonts__kfqpc__page_419.ttf,165236,1816359a87c1f5de488219d9516af54ceaf5b8d793bfe5e0d8e5c107ea0ad8ad,font,font/ttf
fonts/kfqpc/page_42.ttf,fonts__kfqpc__page_42.ttf,159736,52a052c597122cb54ca8f3b33ba6c002b11c1c6073f1224d8e209039f3bdc8f0,font,font/ttf
fonts/kfqpc/page_420.ttf,fonts__kfqpc__page_420.ttf,166056,e381d41f87bc5336f4df1b731ae96c37de9c20b670feb7d66e0fef7d1395b12b,font,font/ttf
fonts/kfqpc/page_421.ttf,fonts__kfqpc__page_421.ttf,161756,fe23fd4bcc600c439dc338d1d4a9b8bc547fc6ab9ca89c409a0b8ab92d64a887,font,font/ttf
fonts/kfqpc/page_422.ttf,fonts__kfqpc__page_422.ttf,156312,9b32c057c07fbb63e720be64dac15e5c95de4a10d027b141cf01403ae8bfd3b1,font,font/ttf
fonts/kfqpc/page_423.ttf,fonts__kfqpc__page_423.ttf,165144,6482bb69380b3e976d9c60edbe3ec4f5e8c747261c58f332911f9d8da2a41ca9,font,font/ttf
fonts/kfqpc/page_424.ttf,fonts__kfqpc__page_424.ttf,159684,5c4f49b2c6088b9edff00a1098b96b16ca11c5f115f339391feb228e2f3cadd6,font,font/ttf
fonts/kfqpc/page_425.ttf,fonts__kfqpc__page_425.ttf,157864,775ccc2ed2daef30c2dedf5ce55fa286f9592e77dc85bf5fb36b36e73d6cef97,font,font/ttf
fonts/kfqpc/page_426.ttf,fonts__kfqpc__page_426.ttf,163600,244ebd41b57929e9a16e2feca11970cda79b1d1893d2d64cc48c85f97cfa5e25,font,font/ttf
fonts/kfqpc/page_427.ttf,fonts__kfqpc__page_427.ttf,165196,48bc4fda43ed920fed103e0848f9a70e5ab940731042a3001441b2b33822dae6,font,font/ttf
fonts/kfqpc/page_428.ttf,fonts__kfqpc__page_428.ttf,143768,d42f43b5c2d7aeea9f9e5aee0d2794526433016274d475a6f5fa2950297c9298,font,font/ttf
fonts/kfqpc/page_429.ttf,fonts__kfqpc__page_429.ttf,160876,8e9ef3a05b8f9d4041e4c25962ff921906b56b6630956de3c7181758d6c96509,font,font/ttf
fonts/kfqpc/page_43.ttf,fonts__kfqpc__page_43.ttf,147472,7bd148bdc8a9176926b5a61c651e3a64af117e016d7c2b295218d46056297877,font,font/ttf
fonts/kfqpc/page_430.ttf,fonts__kfqpc__page_430.ttf,158896,3fd8b2bdadfa3efcb1991adc75191b0ed2b3c705647b3629c5c8f43e73157632,font,font/ttf
fonts/kfqpc/page_431.ttf,fonts__kfqpc__page_431.ttf,158740,1f4d55dd225f5bcc9b3dde0bc778d17f6f00112eb28fedbdedc39b4336ac7192,font,font/ttf
fonts/kfqpc/page_432.ttf,fonts__kfqpc__page_432.ttf,163192,7a185b9985dbad550227ce47931fd20eb58b76064a7105c57570cb68dd662d38,font,font/ttf
fonts/kfqpc/page_433.ttf,fonts__kfqpc__page_433.ttf,165564,0c9cd76c57b58e98875ffda32a1d51deab5054c26f3cbc8380e1575acd71df94,font,font/ttf
fonts/kfqpc/page_434.ttf,fonts__kfqpc__page_434.ttf,148244,3552164baf6a8502ef9e8c3404f10998f2895faec9b0da9b2f6c63c1e2da8441,font,font/ttf
fonts/kfqpc/page_435.ttf,fonts__kfqpc__page_435.ttf,171344,20c04d756545e5083e9ce1e60acde07266d891c859efa7e5635f2e8066cc5488,font,font/ttf
fonts/kfqpc/page_436.ttf,fonts__kfqpc__page_436.ttf,158452,6347c1423bc3138c47460696caa9d91b3f81a1d02e7e88c043921f4559bf87ad,font,font/ttf
fonts/kfqpc/page_437.ttf,fonts__kfqpc__page_437.ttf,161508,8b1c510213dd341cfac436343a746545bd9dafcec4d143bbbab0c572efb5fd05,font,font/ttf
fonts/kfqpc/page_438.ttf,fonts__kfqpc__page_438.ttf,156212,271defa760a775a87daf6b24110c8a150f318b84329b5fd7e4272911a8e8ae07,font,font/ttf
fonts/kfqpc/page_439.ttf,fonts__kfqpc__page_439.ttf,165628,fc687d62a896105b77d819b1703aea9348d8abb15bf415bd06438597e7d41891,font,font/ttf
fonts/kfqpc/page_44.ttf,fonts__kfqpc__page_44.ttf,156024,b120c6883fea9e5d65d154d8f98fde018d151234f5d6ba6c4d3c19545137375f,font,font/ttf
fonts/kfqpc/page_440.ttf,fonts__kfqpc__page_440.ttf,143496,8001619f870415850035215bda8768366f88e4dc1d36e58ce06ec6fd11f1a2d9,font,font/ttf
fonts/kfqpc/page_441.ttf,fonts__kfqpc__page_441.ttf,161868,dfac03bf8451c9b43e4d5706c0301378c0aa09d0047fd14266ae753624d7f59d,font,font/ttf
fonts/kfqpc/page_442.ttf,fonts__kfqpc__page_442.ttf,160828,303a248d4fca35b676840d8e6f25a1920f191f56145d8549196240893284aabf,font,font/ttf
fonts/kfqpc/page_443.ttf,fonts__kfqpc__page_443.ttf,164316,145e85d5e54b640d24087e67c44d99d1b3f573b4fc522b55304244b5469c5a34,font,font/ttf
fonts/kfqpc/page_444.ttf,fonts__kfqpc__page_444.ttf,161108,2a9e6741f692334fd2c3e8aec7f140f747e3f575e9c5846300dc7e88d3b870e2,font,font/ttf
fonts/kfqpc/page_445.ttf,fonts__kfqpc__page_445.ttf,150656,6f49e0c18aac05f9bf5c8efa03b715efde37325aaa33fe6e92834d04a48ac88a,font,font/ttf
fonts/kfqpc/page_446.ttf,fonts__kfqpc__page_446.ttf,166792,6cba36d94f8ae61588c7c0441c65eaef201c12109748834f4463eb52e7cc8d2f,font,font/ttf
fonts/kfqpc/page_447.ttf,fonts__kfqpc__page_447.ttf,173600,ab52526ea387a9a40f27262f32826a5dd763af4f803b6ce0a54bfeb477dea172,font,font/ttf
fonts/kfqpc/page_448.ttf,fonts__kfqpc__page_448.ttf,168632,d9bc5e89dd579ca177e6be87c135f802b0c5de1831eb616f30bfbdf6645738f1,font,font/ttf
fonts/kfqpc/page_449.ttf,fonts__kfqpc__page_449.ttf,170664,364808a74a4214f7fd39876c7d34977e4b2be44fe218f354c269617bc0d19aee,font,font/ttf
fonts/kfqpc/page_45.ttf,fonts__kfqpc__page_45.ttf,151980,c2b51956f2da910b3558a135cf5ed014d35a2032637aabaaacbe31458d7b2906,font,font/ttf
fonts/kfqpc/page_450.ttf,fonts__kfqpc__page_450.ttf,162532,7a3213596de7ef0b958af7512bca2e1280376dbea5d865b460f5b476e2a627d9,font,font/ttf
fonts/kfqpc/page_451.ttf,fonts__kfqpc__page_451.ttf,170560,e56c7c0fef23cce7476ce7aa7968d520586959524531d2143ad662aa86dcc246,font,font/ttf
fonts/kfqpc/page_452.ttf,fonts__kfqpc__page_452.ttf,168424,3bc0527bc3690ab3a55804546643a447c86ba1e7f96aa07edd0dabb00e8b8b55,font,font/ttf
fonts/kfqpc/page_453.ttf,fonts__kfqpc__page_453.ttf,160704,47a734cad61724b7d7055daf2b73720bd0ca532e9b02fd0d639470e016011a9a,font,font/ttf
fonts/kfqpc/page_454.ttf,fonts__kfqpc__page_454.ttf,166308,14585dd4e5bb08294f9b250c5a2a2d8bc0e3fde0e934471e1f3d16306e7ea979,font,font/ttf
fonts/kfqpc/page_455.ttf,fonts__kfqpc__page_455.ttf,169896,ee8e850f9d47e02cde52df00719ad302bb3ec61947940869f0eff80c9756e1ed,font,font/ttf
fonts/kfqpc/page_456.ttf,fonts__kfqpc__page_456.ttf,168248,77899e2d05cb0f628d03ff36aa452efc38d72363d6e9d30028d7ff2114da6289,font,font/ttf
fonts/kfqpc/page_457.ttf,fonts__kfqpc__page_457.ttf,173824,4a5623bce53f68b67f7843385f99a0054ec511948e791e197beb22f9b5bd3e5e,font,font/ttf
fonts/kfqpc/page_458.ttf,fonts__kfqpc__page_458.ttf,145464,44e97fa5c3351bef7b33b0d172fade64afb262d52c392ef8709c5c883a5e19fe,font,font/ttf
fonts/kfqpc/page_459.ttf,fonts__kfqpc__page_459.ttf,163804,a4c9f31a5453e6dbf50feee36280f27490559c2bf51870f71f70be55f8a47bed,font,font/ttf
fonts/kfqpc/page_46.ttf,fonts__kfqpc__page_46.ttf,142232,a8459f1568be448a52ba95841c55df876a19761c319a7cca9d7cd464471fe8a6,font,font/ttf
fonts/kfqpc/page_460.ttf,fonts__kfqpc__page_460.ttf,169856,94e24eac1aa5f097c8479e0163d35cc191fe3db0f439d31f81b93e808b1a481d,font,font/ttf
fonts/kfqpc/page_461.ttf,fonts__kfqpc__page_461.ttf,162036,ce0b4307723ece5399971f648c8682d96fe44ff1852856e3171bbe25b4f37828,font,font/ttf
fonts/kfqpc/page_462.ttf,fonts__kfqpc__page_462.ttf,154780,90dd09f1a315e5d6ce51f74e507bfc0e88f2c1d409e2ebd2bc47b45381543a24,font,font/ttf
fonts/kfqpc/page_463.ttf,fonts__kfqpc__page_463.ttf,154984,eb6fefd386231e5a8d75c1be0b494ed3ad6c90807a34b9bf956311350c63ed85,font,font/ttf
fonts/kfqpc/page_464.ttf,fonts__kfqpc__page_464.ttf,158612,7280b55e38aa851adcf8bc3ba8e7d261f73fad847de588a973652bc150636e2c,font,font/ttf
fonts/kfqpc/page_465.ttf,fonts__kfqpc__page_465.ttf,155796,4b6e9d5afbde4478f4ffef42762eabe2f654b65a3652d6d2e3ea551641618444,font,font/ttf
fonts/kfqpc/page_466.ttf,fonts__kfqpc__page_466.ttf,156880,77d737c0310b57d80b82fdc52b3aafb1842e58bfa379fdb2335a9502d7b675e7,font,font/ttf
fonts/kfqpc/page_467.ttf,fonts__kfqpc__page_467.ttf,144468,c7c9d2a42892eb1f06d7e2d4883158da48c9f7412e3d72beef6291ffec7a7ff5,font,font/ttf
fonts/kfqpc/page_468.ttf,fonts__kfqpc__page_468.ttf,157328,4e794c55ae01f9e845882fae7390b901b2f6c691423d2d816d522e98ff1ed1a8,font,font/ttf
fonts/kfqpc/page_469.ttf,fonts__kfqpc__page_469.ttf,157804,860862b2d3e3a19714d3ac5ea564723ca6ec643539cd3f0f7d8ccf094df7575e,font,font/ttf
fonts/kfqpc/page_47.ttf,fonts__kfqpc__page_47.ttf,156828,9cd38079b09120a5c7a842cc3d8a1dcd8e762b4fc477c5a1243befe5b6208055,font,font/ttf
fonts/kfqpc/page_470.ttf,fonts__kfqpc__page_470.ttf,158100,e12df4a16bfa80d15225d1c7e8ab858b21a275acbee0fe4078005d35b7838523,font,font/ttf
fonts/kfqpc/page_471.ttf,fonts__kfqpc__page_471.ttf,151424,1d60b54b0a14e96d2fea911ccc07d88248c9eea4ec25a4f559ecec317336f678,font,font/ttf
fonts/kfqpc/page_472.ttf,fonts__kfqpc__page_472.ttf,154524,9cc886fc06e949158ba0c964adee1a7a06e5c09395bd2a5aefcf54dc27b07e4a,font,font/ttf
fonts/kfqpc/page_473.ttf,fonts__kfqpc__page_473.ttf,149908,25111c9d19c284de1b06bcdb23113c238d70eddf445d7981c5e08b1b85b0ee16,font,font/ttf
fonts/kfqpc/page_474.ttf,fonts__kfqpc__page_474.ttf,149012,e5a8565b5dd1cb7fa0b78080538db2f3accc56738673ba94dce54b0e314a6b18,font,font/ttf
fonts/kfqpc/page_475.ttf,fonts__kfqpc__page_475.ttf,159904,cb067d11cf4294e44af1b4b35100a6805327d2b3fcdeeb603cedcfffbe463ecc,font,font/ttf
fonts/kfqpc/page_476.ttf,fonts__kfqpc__page_476.ttf,154232,8a63b8a7a0a3c973a784013a52787801daa22c657905312efea577827fa0c339,font,font/ttf
fonts/kfqpc/page_477.ttf,fonts__kfqpc__page_477.ttf,150480,bd86929203c2723907079e858db8c7d81209b82139aaed6a98834855a0da409c,font,font/ttf
fonts/kfqpc/page_478.ttf,fonts__kfqpc__page_478.ttf,165536,28e7a9c13fcdd6dd9de9ec20280f12038aa058ee46f2f5ca657c27e9441ba09c,font,font/ttf
fonts/kfqpc/page_479.ttf,fonts__kfqpc__page_479.ttf,164792,668931d0b42e98d96262b908aabb454f205603401b72b92e515f560ba5f5a4f9,font,font/ttf
fonts/kfqpc/page_48.ttf,fonts__kfqpc__page_48.ttf,154940,d4be21a72d65892b26c7b1f74dff68a90ae94997878d4bc412529df3ea84f0e6,font,font/ttf
fonts/kfqpc/page_480.ttf,fonts__kfqpc__page_480.ttf,158364,647b0354fcb10ec8d7f4ce7ef4704c3a442eccc4c60cbb105afc3150db3c4d19,font,font/ttf
fonts/kfqpc/page_481.ttf,fonts__kfqpc__page_481.ttf,163060,27c0fba31fe0ca6a10b8d2a02fed62b99c27da5a0adff163e33204e0a28fa862,font,font/ttf
fonts/kfqpc/page_482.ttf,fonts__kfqpc__page_482.ttf,159216,a8342646c8198440069097f0e05ce06321e4f3a37e00131460c82c87a6daba3b,font,font/ttf
fonts/kfqpc/page_483.ttf,fonts__kfqpc__page_483.ttf,149236,b5b0d736192210c1f6df877d90491cf6c2edbd6e7ba816b79eb481e926944588,font,font/ttf
fonts/kfqpc/page_484.ttf,fonts__kfqpc__page_484.ttf,161020,3306e94b164640ba7dc294c8e196f2750f3325bb6a482960a82bfce179167ea0,font,font/ttf
fonts/kfqpc/page_485.ttf,fonts__kfqpc__page_485.ttf,154492,d525b61f487c5f1509e10090b8498aad9fb6364573186bfffa3cd3762ccb5b4b,font,font/ttf
fonts/kfqpc/page_486.ttf,fonts__kfqpc__page_486.ttf,164996,7a86d0cc8acc107de5eaaf1dfeb1710749f3e65cbd7381eb925800463c13745a,font,font/ttf
fonts/kfqpc/page_487.ttf,fonts__kfqpc__page_487.ttf,170712,9f3bd855f1816dda959e3c088d93920fc1f9f843386c87490dbe1d2cf2bdc58f,font,font/ttf
fonts/kfqpc/page_488.ttf,fonts__kfqpc__page_488.ttf,160796,31b07a753804cfcecb221fa5406ca03afdf53c17a41857c488b90ecd9e4267f4,font,font/ttf
fonts/kfqpc/page_489.ttf,fonts__kfqpc__page_489.ttf,140952,871dcf444cac39805a875794afec519f0459751920c6eee75a5778b5f8be47d1,font,font/ttf
fonts/kfqpc/page_49.ttf,fonts__kfqpc__page_49.ttf,154996,c4921dcbfd2b771315d10f4a3cb5d4312c42f66e4cc1e35cdbadd31597519dd7,font,font/ttf
fonts/kfqpc/page_490.ttf,fonts__kfqpc__page_490.ttf,161224,0abc71a6ac1a0ba97c234b4a7952998d8647655dfc789b5cbb6763dbcf514659,font,font/ttf
fonts/kfqpc/page_491.ttf,fonts__kfqpc__page_491.ttf,167060,4e99310dd3a1e9178a2c547766c0caef30b3410fbaf67405ee5abf0e53dabcfb,font,font/ttf
fonts/kfqpc/page_492.ttf,fonts__kfqpc__page_492.ttf,163848,0c9d2661ca1be9df68c8d6e596a271b0f694e1804f78fd8273e21e1b5c65a0b9,font,font/ttf
fonts/kfqpc/page_493.ttf,fonts__kfqpc__page_493.ttf,160216,af963465a98e4c2033739aeb114798027962b1e0a7a7ff9dd7f524a341faab8e,font,font/ttf
fonts/kfqpc/page_494.ttf,fonts__kfqpc__page_494.ttf,162588,c5c8a0072a27f745288c42a12565c5b520390d99faeed1ba8872dd07b4463ec6,font,font/ttf
fonts/kfqpc/page_495.ttf,fonts__kfqpc__page_495.ttf,167020,d1af955e157818f71469a270f688d296bc0877cc5a93a55bcd4a4912e2096041,font,font/ttf
fonts/kfqpc/page_496.ttf,fonts__kfqpc__page_496.ttf,150508,b28b666678a2fc1409dbdd22d88a9ce66a20bb919e79fdc4fbcc05fefebc8c6d,font,font/ttf
fonts/kfqpc/page_497.ttf,fonts__kfqpc__page_497.ttf,169756,12ab3916ad452acf2c41c0624a9c09a0d74517a7a847b136eb024b31fe667e0e,font,font/ttf
fonts/kfqpc/page_498.ttf,fonts__kfqpc__page_498.ttf,148356,837bf4788b2f3b7ded3f4281ffbf5b1d15f3be770c3c7423d3cb42e64c29e20b,font,font/ttf
fonts/kfqpc/page_499.ttf,fonts__kfqpc__page_499.ttf,163164,6f8539743090d15d09af537b18e6baf55b1131e00323f5ccdb552b0268968c95,font,font/ttf
fonts/kfqpc/page_5.ttf,fonts__kfqpc__page_5.ttf,145864,de1ba5401e8434bf5825483713f2cadc3c0ca00476c0f30ad1e62fe4598ff09e,font,font/ttf
fonts/kfqpc/page_50.ttf,fonts__kfqpc__page_50.ttf,150868,784c7dcf5749170fb6e6da4d229e8ad7c930958ed12d2fbeb3960f94e6756fc6,font,font/ttf
fonts/kfqpc/page_500.ttf,fonts__kfqpc__page_500.ttf,160160,eff06b4c5cdc183eb2f9b73d8725e4644f7a3df11aa7af89b8b9a5f933201e59,font,font/ttf
fonts/kfqpc/page_501.ttf,fonts__kfqpc__page_501.ttf,173384,21de3eacad7fb89d24eccca5fc0a039986dc1c30c217d0c80334a75e93b0dbdc,font,font/ttf
fonts/kfqpc/page_502.ttf,fonts__kfqpc__page_502.ttf,148572,c37bdfb4cedbbf36234ebfa11d7501ed65fbd8eb038971d9cc325a0a87da8c92,font,font/ttf
fonts/kfqpc/page_503.ttf,fonts__kfqpc__page_503.ttf,165704,ee2101fe577a99daf716a3ec845b4f1327b8d8a1f39721ac774e8c5d3feaf5aa,font,font/ttf
fonts/kfqpc/page_504.ttf,fonts__kfqpc__page_504.ttf,167036,6765f60e4eeb499be2c1cd2d4b379242a5ec5878a041a68aa7fdd09e520858b0,font,font/ttf
fonts/kfqpc/page_505.ttf,fonts__kfqpc__page_505.ttf,162596,518baddfec292f561605ace6e4808725ba467fa28ed98777d0ec303378897270,font,font/ttf
fonts/kfqpc/page_506.ttf,fonts__kfqpc__page_506.ttf,155640,1685b3753de41dbd382045b7db59e3d7794b851c597741e3d370842ea3510482,font,font/ttf
fonts/kfqpc/page_507.ttf,fonts__kfqpc__page_507.ttf,167024,82271373f44123ce7f020fa8a81d56edc8d3fff888848486b57a53be375f0858,font,font/ttf
fonts/kfqpc/page_508.ttf,fonts__kfqpc__page_508.ttf,173696,75b2d83905c6030db58a1f2b90dfe284cee4a5642aa41dfb36d7109a29acbfde,font,font/ttf
fonts/kfqpc/page_509.ttf,fonts__kfqpc__page_509.ttf,160884,3171b19ca015d34cb1dd5ba35c7d651cccdf37a18ca95ea28d5396436935d4c8,font,font/ttf
fonts/kfqpc/page_51.ttf,fonts__kfqpc__page_51.ttf,154260,321db41e30722e8376e6c8a67fb15880f46184122a7c42f33a90294f1a3a07bc,font,font/ttf
fonts/kfqpc/page_510.ttf,fonts__kfqpc__page_510.ttf,167012,15de556875c5aeadf0080cc3c6417a22702da4bae09a9069a733f1d3d7801e0f,font,font/ttf
fonts/kfqpc/page_511.ttf,fonts__kfqpc__page_511.ttf,146308,762e6003757932da7dcd1a0dcb707baf826e9c1d4eca7850ab2e67339ac95670,font,font/ttf
fonts/kfqpc/page_512.ttf,fonts__kfqpc__page_512.ttf,160092,3445fa9ac4dbf0f219bb5b1b5b5dc5521835a83db283c03beeb715aee1541aa4,font,font/ttf
fonts/kfqpc/page_513.ttf,fonts__kfqpc__page_513.ttf,161592,a655168a85834bf1afc14f3008747204033e29607499e0d6eced47848a08e1ae,font,font/ttf
fonts/kfqpc/page_514.ttf,fonts__kfqpc__page_514.ttf,157308,e36e01c623734e5bcdd256501bd402a2642135cbc08a911660c0e8cc592e0b87,font,font/ttf
fonts/kfqpc/page_515.ttf,fonts__kfqpc__page_515.ttf,150936,2d72302ea08c16c9952d595ecbcbdce428b28d53b562291e36c0e2734754ac9e,font,font/ttf
fonts/kfqpc/page_516.ttf,fonts__kfqpc__page_516.ttf,170504,e42acb19c922ea3260fb0ba9df84cdd804e3a103cbf73b8d589051b48f1b9a5d,font,font/ttf
fonts/kfqpc/page_517.ttf,fonts__kfqpc__page_517.ttf,166604,97e70ba36906403546801bae3a3d610aa82bc78b80595406273fd6c9eecd0569,font,font/ttf
fonts/kfqpc/page_518.ttf,fonts__kfqpc__page_518.ttf,152124,4c8f74ec5851b1ba61ac25d098664cc93679d8180b941bf81fc65457d7411445,font,font/ttf
fonts/kfqpc/page_519.ttf,fonts__kfqpc__page_519.ttf,173428,cb8121b0e63122914758fbaf4a0f78837572d36f964cbbd39aef3f8ce93d9a98,font,font/ttf
fonts/kfqpc/page_52.ttf,fonts__kfqpc__page_52.ttf,151924,cfa3ab65ac3ae1643211272ba13c165bf32d4b2c7d2fc8c3b87ac6bcfa59f762,font,font/ttf
fonts/kfqpc/page_520.ttf,fonts__kfqpc__page_520.ttf,148036,63c50b0c701d2a34e4971243ac47ef21cd7e3b2d51799483cdd784d21e341c70,font,font/ttf
fonts/kfqpc/page_521.ttf,fonts__kfqpc__page_521.ttf,174424,d33d3a83ae9d1e5c2e18369ff1ec090862e2f8288b5ef936274f1d41e536de0e,font,font/ttf
fonts/kfqpc/page_522.ttf,fonts__kfqpc__page_522.ttf,172488,a70800c38e6bdd945fea618559db3e1bdacd0116699b3725c3cfb662a9e1d37e,font,font/ttf
fonts/kfqpc/page_523.ttf,fonts__kfqpc__page_523.ttf,152756,5a4339210efdd664f251c67c405ad521691fd6fc629a52bcd5684d969fe409c1,font,font/ttf
fonts/kfqpc/page_524.ttf,fonts__kfqpc__page_524.ttf,168004,8f3fd81f90e750654eeb0a855ae3f9160ff79e88fc81856e7e295a662e0f252b,font,font/ttf
fonts/kfqpc/page_525.ttf,fonts__kfqpc__page_525.ttf,165396,116cc7d58280bbbed439661339792501f8245c0af55cbcf3b9a22f5781ac0dcb,font,font/ttf
fonts/kfqpc/page_526.ttf,fonts__kfqpc__page_526.ttf,165004,114f5b99dd08d1a603de74bd3af4fb21c59c7a32d210972752885929bca5a937,font,font/ttf
fonts/kfqpc/page_527.ttf,fonts__kfqpc__page_527.ttf,172836,aa3c3d741a0b6336101c4ec8957bdc8f9ae8850642385e67eed958107032e425,font,font/ttf
fonts/kfqpc/page_528.ttf,fonts__kfqpc__page_528.ttf,158684,487e543ff1f4d887b8fd114d8ec120fb5c7ceaebb8a636b01cb77a218259fa0f,font,font/ttf
fonts/kfqpc/page_529.ttf,fonts__kfqpc__page_529.ttf,170076,7b807583ce623c799c41f77e03f94bf2ee4037b1574543cf27d9714b762c097f,font,font/ttf
fonts/kfqpc/page_53.ttf,fonts__kfqpc__page_53.ttf,158500,87578b14cd13e172e249752708141b69c6d43d7b03252778123193cd52754638,font,font/ttf
fonts/kfqpc/page_530.ttf,fonts__kfqpc__page_530.ttf,173504,dd6827d159815b1a080048315682a6f910389c2aae7c9c85112c05fffd79ffa8,font,font/ttf
fonts/kfqpc/page_531.ttf,fonts__kfqpc__page_531.ttf,144580,d19c4d38ac90b96062d86141d1f4656103fb19e27dc92060477677cd595cedcf,font,font/ttf
fonts/kfqpc/page_532.ttf,fonts__kfqpc__page_532.ttf,174288,d1e883fcdae98f59bc3c30c718f372b198a3eb1e5c5738430d838e9ca4e283d8,font,font/ttf
fonts/kfqpc/page_533.ttf,fonts__kfqpc__page_533.ttf,172176,be7c83a5cfa7fc7028358d3c87fc82e970ddd38f4859b742a634ad86c4eec72c,font,font/ttf
fonts/kfqpc/page_534.ttf,fonts__kfqpc__page_534.ttf,158224,3d6cfca893d99ac2943b0e6d9587d2133320fe3cb516e4a77b563ad141d07b29,font,font/ttf
fonts/kfqpc/page_535.ttf,fonts__kfqpc__page_535.ttf,175780,6df723e1a1dbd083ec5cbd79378a4a442a7b1150ba6794fc4634a257fc0d9f8c,font,font/ttf
fonts/kfqpc/page_536.ttf,fonts__kfqpc__page_536.ttf,176352,b38d97c037618605ee95c23942dffa26fb239ecb913e8f648e97f0858df8e554,font,font/ttf
fonts/kfqpc/page_537.ttf,fonts__kfqpc__page_537.ttf,156128,43d94241b5ec518dfb973795fcbbbd9dbdb0c70057d39a07547ea237c2f76883,font,font/ttf
fonts/kfqpc/page_538.ttf,fonts__kfqpc__page_538.ttf,165864,f808c475f3e025dff21b166966a1498a75b4ca997cbb703469ffb2acca157af1,font,font/ttf
fonts/kfqpc/page_539.ttf,fonts__kfqpc__page_539.ttf,170480,d141fb2993fbb00dcd5a760c8361ee4c8e42fb39fa44713d76e0f9254f68741c,font,font/ttf
fonts/kfqpc/page_54.ttf,fonts__kfqpc__page_54.ttf,162396,cfe7559119f98f69062828f5d76e3176b57f1b7f49daea180231f99b89bc2f1f,font,font/ttf
fonts/kfqpc/page_540.ttf,fonts__kfqpc__page_540.ttf,163472,dec87c5fac450603724c97a67954e8d8f854d6f8953dbeca95b4590a9af56a07,font,font/ttf
fonts/kfqpc/page_541.ttf,fonts__kfqpc__page_541.ttf,158828,4f6a976d72edc53d02d22439505e440bf1162e2c24ded84e260e8a46d3759d9c,font,font/ttf
fonts/kfqpc/page_542.ttf,fonts__kfqpc__page_542.ttf,148256,2a95a056948dc8a5e0bf031247549b524b9bc3a36522827efb24f29953b299b2,font,font/ttf
fonts/kfqpc/page_543.ttf,fonts__kfqpc__page_543.ttf,167144,03e80ede9d96bad1daa9d9cc197f98774a7e299f470eb64f16b031344711e527,font,font/ttf
fonts/kfqpc/page_544.ttf,fonts__kfqpc__page_544.ttf,174160,b3284b58344e8de833523834b2a240acc79048ae008f20dfb57245dc3344123d,font,font/ttf
fonts/kfqpc/page_545.ttf,fonts__kfqpc__page_545.ttf,145004,9182a7fd37cd623ca97ef96cfc24b30f779765301491db740ec7001890b10219,font,font/ttf
fonts/kfqpc/page_546.ttf,fonts__kfqpc__page_546.ttf,162748,362129554299de80073b59146ee9b5ad1e009db0255adc50eaf23c5f2ab288b4,font,font/ttf
fonts/kfqpc/page_547.ttf,fonts__kfqpc__page_547.ttf,160564,321b14eabfdd3b74ff49d0e52d8e088b6052ccef342f0d59fdea19339a7d861b,font,font/ttf
fonts/kfqpc/page_548.ttf,fonts__kfqpc__page_548.ttf,151836,2441a2e4d0980631b550eae2b5a7efed888653d14eb272c7e9bd66ff4911f80f,font,font/ttf
fonts/kfqpc/page_549.ttf,fonts__kfqpc__page_549.ttf,162452,c8e6622799d08d944780a28ecba79ddafbdf04b23bad9ea7925698c6e33daa2e,font,font/ttf
fonts/kfqpc/page_55.ttf,fonts__kfqpc__page_55.ttf,156892,2263b8138c803ff92a29fcda38097b936849c3daf7032640166192a073a6f7fd,font,font/ttf
fonts/kfqpc/page_550.ttf,fonts__kfqpc__page_550.ttf,175588,044c5aeff7a63a89e1095b5f5b5fc02a45228cc8ffe9cffc3d886d63488770dd,font,font/ttf
fonts/kfqpc/page_551.ttf,fonts__kfqpc__page_551.ttf,147816,ad2eb000b59e89857fa0b35fffc7ae5b2a532f6b963638bd68224ce6c896a13e,font,font/ttf
fonts/kfqpc/page_552.ttf,fonts__kfqpc__page_552.ttf,176260,ca461ec3e9821bef846a7218044f018a310aa3a2dd2bf40eb6ee99862155b059,font,font/ttf
fonts/kfqpc/page_553.ttf,fonts__kfqpc__page_553.ttf,147200,c6285e32397b4e1fc32387c20c8062cd97ae6715cb029f02b44132cf2c38903d,font,font/ttf
fonts/kfqpc/page_554.ttf,fonts__kfqpc__page_554.ttf,148728,a4ddc1cf3bc83c574e3ea15800c06e37fdf29ff56b2de477c71c854c2cbe04b1,font,font/ttf
fonts/kfqpc/page_555.ttf,fonts__kfqpc__page_555.ttf,152636,28661e5126a0601ee5d7ac23c7a3f4019f391969fa676189c91442c44aca7771,font,font/ttf
fonts/kfqpc/page_556.ttf,fonts__kfqpc__page_556.ttf,164440,f7ab4256c83cf7059c850191f4d588bbb2d622a1fb7835651e8f553452ba7a59,font,font/ttf
fonts/kfqpc/page_557.ttf,fonts__kfqpc__page_557.ttf,149332,705af171bdf0450a969e21815ca5eaaa6257c95da5593ef73a9ef68f96961bab,font,font/ttf
fonts/kfqpc/page_558.ttf,fonts__kfqpc__page_558.ttf,158952,1c1efebd3e4f7ceac9ceb8f3f331ef037bd171cf290480506b4218810816570d,font,font/ttf
fonts/kfqpc/page_559.ttf,fonts__kfqpc__page_559.ttf,172256,11526ea4aa6f503a0b17bf6f0ba6d9fad8d47f3c8fc98d7cf418749924c98c1d,font,font/ttf
fonts/kfqpc/page_56.ttf,fonts__kfqpc__page_56.ttf,155160,2098c595fed5fc75c146ff29a44912cd4ec48f766a0cd105fe8cb398f8e4ce93,font,font/ttf
fonts/kfqpc/page_560.ttf,fonts__kfqpc__page_560.ttf,148732,ef334ad6673cbe4b04e2170719533a27da6b560d37b0b8607a468875988fc806,font,font/ttf
fonts/kfqpc/page_561.ttf,fonts__kfqpc__page_561.ttf,147476,3f48e92abde94681305a92da32f10f35f5a2a8c289bc6066fb4124442e5e0515,font,font/ttf
fonts/kfqpc/page_562.ttf,fonts__kfqpc__page_562.ttf,151856,e3b34c4210d2a99c817581d31743785d77e5566a5c3a46fa8c01bc24ae71d714,font,font/ttf
fonts/kfqpc/page_563.ttf,fonts__kfqpc__page_563.ttf,165632,2caf17cc9f2f6935702a993ca826eba02edab16180f1730cd9598c7955eb594b,font,font/ttf
fonts/kfqpc/page_564.ttf,fonts__kfqpc__page_564.ttf,143928,cae431c9ba2bbcaf984791255449b60ada844f23d606993aa27a4858cba3416d,font,font/ttf
fonts/kfqpc/page_565.ttf,fonts__kfqpc__page_565.ttf,176548,b81cadf9f61b1b56dcbe84f8b0d783c6ef501ff949b0f552a2e873a832071260,font,font/ttf
fonts/kfqpc/page_566.ttf,fonts__kfqpc__page_566.ttf,154628,82c639674d50767b3036dfe3ee5f208f9c13f772bccc141d10c54e930c35efd6,font,font/ttf
fonts/kfqpc/page_567.ttf,fonts__kfqpc__page_567.ttf,169912,6ea29f27c3b40e032e18e384e2b2369168256bc334f55c8a9d83b7532201baa2,font,font/ttf
fonts/kfqpc/page_568.ttf,fonts__kfqpc__page_568.ttf,157328,a1d16caa0a2d2c61d0ae8f30df0b11136c1d151c2f635f91be74c84f4c61c1a8,font,font/ttf
fonts/kfqpc/page_569.ttf,fonts__kfqpc__page_569.ttf,173996,9345547011ea278c9f2b7882737e53c906bfc99cc2793332e1af35fb0f931767,font,font/ttf
fonts/kfqpc/page_57.ttf,fonts__kfqpc__page_57.ttf,156348,b51d0de645fa295792f220d568fb9eef6deb8a85f43a35bba7e73da0c1f90627,font,font/ttf
fonts/kfqpc/page_570.ttf,fonts__kfqpc__page_570.ttf,154808,18b9568c1810bb84b8f87f87d90a1db3d27c65ab4da774d3a5e8efcd02efd43c,font,font/ttf
fonts/kfqpc/page_571.ttf,fonts__kfqpc__page_571.ttf,163244,2ceb931f4b68a405e97d5e47f6ef97100ae759bf511939020607132026f9dea1,font,font/ttf
fonts/kfqpc/page_572.ttf,fonts__kfqpc__page_572.ttf,147116,ef384be08167e1d6ff6fb3f3504fe2ddc3c334089e8a11140c37d4c6475d56ca,font,font/ttf
fonts/kfqpc/page_573.ttf,fonts__kfqpc__page_573.ttf,159760,3cb67909d1fb4830195ac95f88871d13611b66188fb5e50a5c4d27c25f3b23b7,font,font/ttf
fonts/kfqpc/page_574.ttf,fonts__kfqpc__page_574.ttf,151980,b775e930051d3f4957249d48280909b059ee8016a56530cfaea7a0ad0039feb6,font,font/ttf
fonts/kfqpc/page_575.ttf,fonts__kfqpc__page_575.ttf,158308,1c37a1b6387b9222859ca2b888abbe08f509f9eb1c1b3cfd1d66ebc05fdf6fa7,font,font/ttf
fonts/kfqpc/page_576.ttf,fonts__kfqpc__page_576.ttf,176640,f6f594e69006115fd8de7b3171b7d6569eb7691d6460b5372f2e8c15485de1d1,font,font/ttf
fonts/kfqpc/page_577.ttf,fonts__kfqpc__page_577.ttf,160100,b326a2dcf596aad4e3c797bfea96cc492df640f6aad01488812729f4ab21e691,font,font/ttf
fonts/kfqpc/page_578.ttf,fonts__kfqpc__page_578.ttf,157600,1200d3f5cb6fab304ad7a8468f63110e48d7b94814f32afdc453b40a706c5ba1,font,font/ttf
fonts/kfqpc/page_579.ttf,fonts__kfqpc__page_579.ttf,172960,501cf88d8400b08d416788208badd4ef50d932161cc9ab2d9bf1dbf4fd79dba7,font,font/ttf
fonts/kfqpc/page_58.ttf,fonts__kfqpc__page_58.ttf,159288,2aa6c11010d0fdf1ee9ea44b148a4a837d8d2a40435817f9cbd11d58db92ae81,font,font/ttf
fonts/kfqpc/page_580.ttf,fonts__kfqpc__page_580.ttf,150880,e883beb725b717b03af221ba0284cc98541900b7a25b9b9a9dd93b5bc2430e04,font,font/ttf
fonts/kfqpc/page_581.ttf,fonts__kfqpc__page_581.ttf,173328,baf68262b899a31193f89ecf33d21d92834e6db17f090be693839ca2f0e38dcb,font,font/ttf
fonts/kfqpc/page_582.ttf,fonts__kfqpc__page_582.ttf,148788,99e6acd43aea7e350a7fa9dbaf64e6587d9a036a3b9ce74ffb2e1eadfd9f6328,font,font/ttf
fonts/kfqpc/page_583.ttf,fonts__kfqpc__page_583.ttf,154116,bab1f7eec3c2815dfc18e202d505d442764e8c7e680272881b630f61fb0d0da6,font,font/ttf
fonts/kfqpc/page_584.ttf,fonts__kfqpc__page_584.ttf,169156,e01b7213ae5695d09f0aa333abcebcbb6d2969b45a08084a3b047532f043b3b1,font,font/ttf
fonts/kfqpc/page_585.ttf,fonts__kfqpc__page_585.ttf,176744,5a32775e5ffd65490785dd3bc65c1d5ce3921adeb855b1de3b1537fce2bf8377,font,font/ttf
fonts/kfqpc/page_586.ttf,fonts__kfqpc__page_586.ttf,145584,02c4396fd0bf52e9a1cd5c80eb3ffac3c894be747063ae64b5c25c1802abb415,font,font/ttf
fonts/kfqpc/page_587.ttf,fonts__kfqpc__page_587.ttf,145232,a4dd085e87d6ca94c7fa14bad43edc417c3fd31ea26f6656b2deee511a40d033,font,font/ttf
fonts/kfqpc/page_588.ttf,fonts__kfqpc__page_588.ttf,171728,83c1fa979542024bb5638f5a7624b95ef02daf0f1065f6b5d04b0e208c649161,font,font/ttf
fonts/kfqpc/page_589.ttf,fonts__kfqpc__page_589.ttf,152480,a1755858bca508875d175fbe81c157f434e915b1672850591641b74e44fc9924,font,font/ttf
fonts/kfqpc/page_59.ttf,fonts__kfqpc__page_59.ttf,161260,71f8fb9515d6435b203483059cc1cd771e115b04fd3f88994d3055db63f0e3e4,font,font/ttf
fonts/kfqpc/page_590.ttf,fonts__kfqpc__page_590.ttf,143840,a7c51ac0e3a532b7adc22564fe739e9c846404167371fbcb78bc429854b58e18,font,font/ttf
fonts/kfqpc/page_591.ttf,fonts__kfqpc__page_591.ttf,155624,2623ecaafc3676270dfe02afa3e6667e53749ee43da865ad37ce138874b59a09,font,font/ttf
fonts/kfqpc/page_592.ttf,fonts__kfqpc__page_592.ttf,154608,238a99375f9a947ab3588e22fc9e59f40e8162705621ff84c7c362cc17a9e69b,font,font/ttf
fonts/kfqpc/page_593.ttf,fonts__kfqpc__page_593.ttf,145480,1b3f2305cc2807fca8e1a7304882b00d3476bcd15489cd85f0358f9c2acecb2c,font,font/ttf
fonts/kfqpc/page_594.ttf,fonts__kfqpc__page_594.ttf,146132,aa771ee5097dbfea0b4ac5f9f974e4fcddb1b7a094a4e9aca3f78c42620276a7,font,font/ttf
fonts/kfqpc/page_595.ttf,fonts__kfqpc__page_595.ttf,145428,5b45b561b4feb15a6426a42cc9e3963923b8373fb33e444b417c7375bfd10e55,font,font/ttf
fonts/kfqpc/page_596.ttf,fonts__kfqpc__page_596.ttf,134768,14cd0b4375b281a572ecc7dae407d1c3f00b07ce1f55226dc177a2372d885add,font,font/ttf
fonts/kfqpc/page_597.ttf,fonts__kfqpc__page_597.ttf,141324,0015a7c9592443c82b54cadd9d0413d295e41d89e188e56d0ae8969c3b4f0513,font,font/ttf
fonts/kfqpc/page_598.ttf,fonts__kfqpc__page_598.ttf,133492,107a80cf0ff927278485185fe6d8d86a99b6b4a7f29c287506f731e202df6028,font,font/ttf
fonts/kfqpc/page_599.ttf,fonts__kfqpc__page_599.ttf,130048,27012faaddc0150c88cdb808f1a4fbaec237446938bb04caeeeabdbe89fb693a,font,font/ttf
fonts/kfqpc/page_6.ttf,fonts__kfqpc__page_6.ttf,158036,e2fdefbe1b326241a8fda1be07f56ede63ed303dcdb1c1f34ee216897b00a2fc,font,font/ttf
fonts/kfqpc/page_60.ttf,fonts__kfqpc__page_60.ttf,152032,a2a4da02ec93444ce69bb029686ff30a9cb4c73b1c1c2c8616e80d0cef452a7e,font,font/ttf
fonts/kfqpc/page_600.ttf,fonts__kfqpc__page_600.ttf,123960,5dd042bab0f64e80fca70aea011052a3b2f4ef07db8a63d8d8d46b2c5cc01449,font,font/ttf
fonts/kfqpc/page_601.ttf,fonts__kfqpc__page_601.ttf,115712,14cfa2fef771a0d038e0bc50d5f924ab02a7f3afc207831dd253d98a4c3a6fdc,font,font/ttf
fonts/kfqpc/page_602.ttf,fonts__kfqpc__page_602.ttf,105520,6aa1b59c36b45a7f36c3e6ec81ef2fecc266ff76ab2698067005417509e28d28,font,font/ttf
fonts/kfqpc/page_603.ttf,fonts__kfqpc__page_603.ttf,108312,3cd01d6389dcd3b8a089eb27fed3e0a8f3d54d3bde89177b05603123327a778e,font,font/ttf
fonts/kfqpc/page_604.ttf,fonts__kfqpc__page_604.ttf,100248,f60572dfcf1b8dd7c8c0ba6f6f1c49021fbe6e9a32b40845cf3820ae4a32319c,font,font/ttf
fonts/kfqpc/page_61.ttf,fonts__kfqpc__page_61.ttf,155996,34d6a665c9ac4e36539d389571f897ec8622fa795d40359f266a77b2451fc486,font,font/ttf
fonts/kfqpc/page_62.ttf,fonts__kfqpc__page_62.ttf,159992,248347f8c9653e066cdf29bf30500e764733f95edb005dc27b2490fd79b0fc3f,font,font/ttf
fonts/kfqpc/page_63.ttf,fonts__kfqpc__page_63.ttf,165256,eec38f40f49a97f0263d9f981fa46a6be4874a1adc657ec5341e62fe04f66b6c,font,font/ttf
fonts/kfqpc/page_64.ttf,fonts__kfqpc__page_64.ttf,157412,adc4efc7d3799eec4ce633fefb9254ee2ebe72c5061e622e329d10d1f4ced35a,font,font/ttf
fonts/kfqpc/page_65.ttf,fonts__kfqpc__page_65.ttf,161312,feef67e73de475378a7955b1e89210cafa0089c81dbad48e6f845209805fa4a9,font,font/ttf
fonts/kfqpc/page_66.ttf,fonts__kfqpc__page_66.ttf,165728,12844ab11d295f6795572ae50aa61cb7954536e210342ec2c16388ce999991d0,font,font/ttf
fonts/kfqpc/page_67.ttf,fonts__kfqpc__page_67.ttf,157236,8811784af50d4633aa36c4476e7292adc10960d8c5939c600fc108cfa3de6687,font,font/ttf
fonts/kfqpc/page_68.ttf,fonts__kfqpc__page_68.ttf,158560,d737a0a05bc389abc088521c7cb0dc2fe4f03423a1b584b9e491069c4b38fd13,font,font/ttf
fonts/kfqpc/page_69.ttf,fonts__kfqpc__page_69.ttf,141244,10a0f90bca9c215084e6cc0875b1adb3afae5a798f103fd38e448372f813a381,font,font/ttf
fonts/kfqpc/page_7.ttf,fonts__kfqpc__page_7.ttf,161188,e1a1e82e94d5ca018f8892f8c7530a32817dbc474daa98c455c65341d1fef329,font,font/ttf
fonts/kfqpc/page_70.ttf,fonts__kfqpc__page_70.ttf,161888,735155e9be8de4ce420a6d73809da69bf6064658b5342329a8f8cd9306dfd893,font,font/ttf
fonts/kfqpc/page_71.ttf,fonts__kfqpc__page_71.ttf,160120,6afad2235d8913f1e37495b2804eb2bc841ef8a10d45f3a1a3f7446334929f44,font,font/ttf
fonts/kfqpc/page_72.ttf,fonts__kfqpc__page_72.ttf,163596,76031de20b1a7da3af652b4e0bf92d5215d2a3b426377ee6e252ef96bc5fa58f,font,font/ttf
fonts/kfqpc/page_73.ttf,fonts__kfqpc__page_73.ttf,166308,29801ffbacdcdb0ca418b4883ecb8b52aa6d64c8532d5fef4d75b18b1e5120e7,font,font/ttf
fonts/kfqpc/page_74.ttf,fonts__kfqpc__page_74.ttf,154528,2f3b80c1f77e5cb24d8a81f373bbc54aef1f4f86dea3c91661029523bd0b5efc,font,font/ttf
fonts/kfqpc/page_75.ttf,fonts__kfqpc__page_75.ttf,158752,5e370c576a4c05c943b06d0ab3d50d5c6f0e7dab9dd092219595eee1a25be416,font,font/ttf
fonts/kfqpc/page_76.ttf,fonts__kfqpc__page_76.ttf,148024,94267afc842a6b729395104028672b3fee1c123f9218789b22a3de8b2321e8ca,font,font/ttf
fonts/kfqpc/page_77.ttf,fonts__kfqpc__page_77.ttf,166020,7a13e36385838788770ccc19e800f48dd9d8a83c05de1c9c993868afc7efce75,font,font/ttf
fonts/kfqpc/page_78.ttf,fonts__kfqpc__page_78.ttf,159352,73e7f3e4533c2b94d367df22e2a23372f0ae75d3da8a0a123e3a8f2451a882c4,font,font/ttf
fonts/kfqpc/page_79.ttf,fonts__kfqpc__page_79.ttf,139948,78f9a4a3df1ec859af9a1d9844ad329a7eacfd17271950f1f1fc9ed87fe7b752,font,font/ttf
fonts/kfqpc/page_8.ttf,fonts__kfqpc__page_8.ttf,155428,1203d6c9f2a93d6ee37c381482d34fe4c0927cf39b326054809a847b735f2414,font,font/ttf
fonts/kfqpc/page_80.ttf,fonts__kfqpc__page_80.ttf,151848,c4bc3784ff875cfbea23e4452c258f3546fa4379bc54dfd79b85f6e942245fe5,font,font/ttf
fonts/kfqpc/page_81.ttf,fonts__kfqpc__page_81.ttf,142036,06f95c012d73242a4f05c3ebcc47a8ec067f6a8764dfb337c9fc6b9aa8c4a6b4,font,font/ttf
fonts/kfqpc/page_82.ttf,fonts__kfqpc__page_82.ttf,148076,031e0a5a5777bbb1fda8bd74d90e105517fb13b8f5633be325db06a20ec2855c,font,font/ttf
fonts/kfqpc/page_83.ttf,fonts__kfqpc__page_83.ttf,146088,eea354733b54d89f3367f2fa79e76197249f4a3dcca038fe546bd6f29d76b174,font,font/ttf
fonts/kfqpc/page_84.ttf,fonts__kfqpc__page_84.ttf,146584,8f456f19e4ecd5b9c2da0e00d96e819c1d67b351c6853397e568b66037056f26,font,font/ttf
fonts/kfqpc/page_85.ttf,fonts__kfqpc__page_85.ttf,158392,f656a0665db02cba69a2ee9abaab55c742160d1a3374f8039d46b4231deb1eb0,font,font/ttf
fonts/kfqpc/page_86.ttf,fonts__kfqpc__page_86.ttf,160264,b1fa158175d2cdfee01d004036ed138bd5eb63b8bb9c5b01ea0e4eddd3c5a1a2,font,font/ttf
fonts/kfqpc/page_87.ttf,fonts__kfqpc__page_87.ttf,164412,d4b4a809a8c84e79bda3ea0dbb40312f83dca0be57833c49eb274fad5afc8b74,font,font/ttf
fonts/kfqpc/page_88.ttf,fonts__kfqpc__page_88.ttf,151520,d76b23125b130fb49345c9caea639e9521be4c01c5738f234c7b48e6a00976e0,font,font/ttf
fonts/kfqpc/page_89.ttf,fonts__kfqpc__page_89.ttf,158152,5aa3218d401256d5fde229abe6c620d73ea1748f94f13cc8fc27315f255ee7b4,font,font/ttf
fonts/kfqpc/page_9.ttf,fonts__kfqpc__page_9.ttf,146352,4ff27c9ed01522e4f7892a4d3f2599b58a4c70682c7bd6ef5704892751cf8e72,font,font/ttf
fonts/kfqpc/page_90.ttf,fonts__kfqpc__page_90.ttf,169236,6878ee3b093912bdfd6862dff060b1cb61684810c6a596117fe596f91e38618d,font,font/ttf
fonts/kfqpc/page_91.ttf,fonts__kfqpc__page_91.ttf,160552,ef6ebc2d3787a704df374477505eb1e32fedb01d190cd689496b5c10587d191b,font,font/ttf
fonts/kfqpc/page_92.ttf,fonts__kfqpc__page_92.ttf,165092,b0c8ac5d825044e1f688f860eedc666b3bcb15dc9b485aaf97d04a8244b45d39,font,font/ttf
fonts/kfqpc/page_93.ttf,fonts__kfqpc__page_93.ttf,145056,1828950125d5494ab7ab771055a7e1914ac96c013386bd9ff154cd7e8c3fafa9,font,font/ttf
fonts/kfqpc/page_94.ttf,fonts__kfqpc__page_94.ttf,169352,43dd2c51042bdc78b190887d78b638e2d8ca4392697a15d20db7a35d87386813,font,font/ttf
fonts/kfqpc/page_95.ttf,fonts__kfqpc__page_95.ttf,155268,97bb984694c4245aa4846a5a528df455f2e1833817b84914236302aeb74919cb,font,font/ttf
fonts/kfqpc/page_96.ttf,fonts__kfqpc__page_96.ttf,151244,240a15c460bf34a897ed9048b8599116bfac2604f3a8f2160d66ac53646abf50,font,font/ttf
fonts/kfqpc/page_97.ttf,fonts__kfqpc__page_97.ttf,150812,ead2a17154d562d11e635797024edcca5a4b3334a8b2f8b8007ee92bd1fc1b8b,font,font/ttf
fonts/kfqpc/page_98.ttf,fonts__kfqpc__page_98.ttf,149024,eca3a016093d2cbe8086b2427cdbfb5af59e0f45ff7d344757e3aa0edeca6f6d,font,font/ttf
fonts/kfqpc/page_99.ttf,fonts__kfqpc__page_99.ttf,152652,9231a6159aa6fe82cde7560d49ce80f85f93a929347e3fa3d3b5cd4c343d75ce,font,font/ttf
fonts/qpc/tajweed_v4.tar.zst,fonts__qpc__tajweed_v4.tar.zst,54770946,6e7d6446039c48b53b1cb5c1ff7698733665ea3213461db2f2409e52898f6f89,font,application/octet-stream
fonts/quran_icons/quran_common.ttf,fonts__quran_icons__quran_common.ttf,125444,63675d54764c3e0acd3875e191dc6f0af1339ddbd53a1df7fcebbaabebc918fa,font,font/ttf
fonts/quran_icons/suracon.ttf,fonts__quran_icons__suracon.ttf,151480,cbda233eed3177c473793b513b9b55f219937ab0ffcc494f35c70750c690014c,font,font/ttf
fonts/quran_text/uthmanic_hafs.ttf,fonts__quran_text__uthmanic_hafs.ttf,297700,aa68bffce289b4c0ebac68e90502eb69e42356abcd1603cb2b8e99c2c723f145,font,font/ttf
fonts/sunnah/kfgqpc_uthman_taha_naskh.ttf,fonts__sunnah__kfgqpc_uthman_taha_naskh.ttf,172980,db229c0b427bd24bbc2aee0b6bd5629c019cbd1b1e1540672d2bc62bff3e53cd,font,font/ttf
fonts/sunnah/kfgqpc_uthman_taha_naskh_bold.ttf,fonts__sunnah__kfgqpc_uthman_taha_naskh_bold.ttf,164684,33c36b85103d7ffc9191e13244971a0c6b790f559135cd460b464121a564a959,font,font/ttf
fonts/sunnah/noto_nastaliq_urdu_regular.ttf,fonts__sunnah__noto_nastaliq_urdu_regular.ttf,529104,360220888c7519d127c143d0a830d187dd41e184036508a868dd89e6cbfc7521,font,font/ttf
fonts/sunnah/noto_serif_bengali_bold.ttf,fonts__sunnah__noto_serif_bengali_bold.ttf,248948,7efb50aa019b8168951467feaddc08d95bbd416361bc294cd45ef5e5b5f3088a,font,font/ttf
fonts/sunnah/noto_serif_bengali_regular.ttf,fonts__sunnah__noto_serif_bengali_regular.ttf,246744,baa1ce1219718b027a9f13c83ab02bdba4c76b2c40d6fd366172377c3accfb55,font,font/ttf
fonts/sunnah/scheherazadenew_regular.ttf,fonts__sunnah__scheherazadenew_regular.ttf,311064,d99f7593027fb803e5b5c53d786809f20dfcdfb2466abb91a63abbcc74d398bb,font,font/ttf
images/animals.webp,images__animals.webp,197912,a086de29e2639d73358a53c3d0b1f79bc742fe67b0c848e5041d3ed632c2f1bd,topic-image,image/webp
images/arrow.webp,images__arrow.webp,158230,05d9ab6011fc7d7bc8f9b86452b7e6815eb5a73bbb9a466f44b39a02ddab8e8e,topic-image,image/webp
images/artifacts.webp,images__artifacts.webp,128494,c6f8435c468b2eb6616f0a66f2438c47be4f426eba2819586639b3dd75dec4c5,topic-image,image/webp
images/birds.webp,images__birds.webp,96596,a59a0f6b60e2e0f6300a597e8bfeb548ebea201af484dfefcc7cbfd1ef451f11,topic-image,image/webp
images/boat.webp,images__boat.webp,210178,c6e6748dba20e6fe64c12eabacdb6b10b639e2483b3dc7a2d9882c246e1ec1d3,topic-image,image/webp
images/clay.webp,images__clay.webp,157412,c96fe5d0c75006c13810874e5ee613c4edf84f2208cdfc5ad4980e4499b09bdd,topic-image,image/webp
images/cloud.webp,images__cloud.webp,109914,e941cb6cefa9e4f3b64dad7fcfb64bee84944e22e02f69a40f85009121245ec4,topic-image,image/webp
images/coat-of-mail.webp,images__coat-of-mail.webp,165356,66ced170976469178b801f19373961b1438bf91eac4b9f3d95d8add44579c8a5,topic-image,image/webp
images/constellation.webp,images__constellation.webp,149958,2e127231059e0f3fefc3c10078c2f72987bc85fac74841ab768ee4651eb5f6a3,topic-image,image/webp
images/coral.webp,images__coral.webp,260260,94c10c8a0d40920a24f017259028b3da1092b241557c94502e22abbcef466c74,topic-image,image/webp
images/dust.webp,images__dust.webp,179280,e694e7438bf7096cfdeecf4cdac289650f50faaa060a0248239565fe138efcc0,topic-image,image/webp
images/earth.webp,images__earth.webp,251712,16636834f6cca1c494966e5a6cd264f95913573e11ff05029fef9277a9ed0083,topic-image,image/webp
images/fasting.webp,images__fasting.webp,78808,1dbeb53c2589bf10133cb9485b7158db6ba2f438f63a37e2e4128d807c10468a,topic-image,image/webp
images/glass.webp,images__glass.webp,235280,2b4319c96be462021570d4609b27a299cb3c2ff5210e398add268b01a5324253,topic-image,image/webp
images/inheritance.webp,images__inheritance.webp,123434,d68c1c5a3de411285def72f0771b1cd6e963418dc712c9da57da71db5e158fe6,topic-image,image/webp
images/justice.webp,images__justice.webp,182092,283c81947c2d81ed72ef04ac8012fdf5f193546f79b8a73295afedbd2a3d018d,topic-image,image/webp
images/knife.webp,images__knife.webp,183878,abe03e208ef3de8bf6681159621e6904b0aa19fcccec4359fc6c3a17b10968ff,topic-image,image/webp
images/knowledge.webp,images__knowledge.webp,146286,424fb52a8b7864a3e0e5ed957de9b6b1fa228d265eb4461646397bdce9067a97,topic-image,image/webp
images/lightning.webp,images__lightning.webp,66250,4ba628a2ebc6eb151c1aa9d08cd779298efca9d520847039b264c61999805e80,topic-image,image/webp
images/marriage.webp,images__marriage.webp,98460,5594c858407cc61efc291e5019fca16edaec21418d684fba348ceeb807470aa9,topic-image,image/webp
images/metal.webp,images__metal.webp,204282,771dc417adce8346ac3ed6e90f05e0b4a0e05cf9cf7155599b19193318bb7465,topic-image,image/webp
images/mineral.webp,images__mineral.webp,225682,f87c8e241d05d2e59e6d8228279fc044285c7c433ece2222f847539046d1613e,topic-image,image/webp
images/moon.webp,images__moon.webp,157652,8d6f6370a9974908bf337062355428263e1001ff44dbbe67773215ab51638873,topic-image,image/webp
images/mosque.webp,images__mosque.webp,73130,3cb9280c524d9e64b108e040453d502e71e0f0fd02a7399255f8b71f599f6d2d,topic-image,image/webp
images/mountains.webp,images__mountains.webp,180542,2e4763cfc423f2c00be03559cdf6e4695339c02d515bcb00cbadf983cf57ada1,topic-image,image/webp
images/pearl.webp,images__pearl.webp,205404,3e77023462158587feb4cc738ba7fe74ea6470edc77ed8ab9b1267d7ef126a5e,topic-image,image/webp
images/pilgrimage.webp,images__pilgrimage.webp,114886,a83399a0a18c5ba05884ce39a2535c94fff94e1144dfb9edbcc2d0739817a10f,topic-image,image/webp
images/prayer.webp,images__prayer.webp,109180,a3f8bed0a4cf9eeab71f39963b44c659bea87319de04c4c3cdba4a070c89e7f8,topic-image,image/webp
images/prophet_abraham.webp,images__prophet_abraham.webp,86310,b456c32e3292c09c2523cd5007184fc5ff3d38d8b69be514a2705a7a89829105,topic-image,image/webp
images/prophet_adam.webp,images__prophet_adam.webp,95866,eb4ee213cab2c6419b5ff5f8b5711cc7e9ddf90dd0a7ba173291910ea96423e7,topic-image,image/webp
images/prophet_al_yasaa.webp,images__prophet_al_yasaa.webp,116174,45a8863cfd33766a257c9a36004c7704ea48064f2c145e8026b1587ae1479da7,topic-image,image/webp
images/prophet_ayyub.webp,images__prophet_ayyub.webp,77488,bff16eeadad51c573679b82abfd5e84f009970b8b1e726bc2f3031cddb92d54a,topic-image,image/webp
images/prophet_dawud.webp,images__prophet_dawud.webp,81392,f15688a06aec132207d66fb02f6997ae09cabedac79aed4aa1a63408f9e06b50,topic-image,image/webp
images/prophet_dhul_kifl.webp,images__prophet_dhul_kifl.webp,80072,76034e245fc541d1d8fe7c3395b353356fcadfb49422493e64dce5ed247194e0,topic-image,image/webp
images/prophet_harun.webp,images__prophet_harun.webp,84568,d4c5ffb929a6db2b3a003229a55bc9319878c7d4193a09e04cef02bd4b27e1a1,topic-image,image/webp
images/prophet_hud.webp,images__prophet_hud.webp,85580,08bdddf08d68266dab702f6619f7aca50d97f38789f1587c0f822ea1b7e20554,topic-image,image/webp
images/prophet_idrees.webp,images__prophet_idrees.webp,93564,a71f914b1a46156a0842c96b0132f985466e8d6fa61cc408999b0df2ceb7d0b5,topic-image,image/webp
images/prophet_iliyas.webp,images__prophet_iliyas.webp,105150,1da511c2553cda0d762f864601960fe8a48cc06169b958454ce52634349cd6cb,topic-image,image/webp
images/prophet_isa.webp,images__prophet_isa.webp,97750,5143834f6dfed200aa55114d34d7c47fdc38e6494c45f3f2eeff277aa7b6d21b,topic-image,image/webp
images/prophet_ishaq.webp,images__prophet_ishaq.webp,73814,cfb3db48e99df9df5ed9aebadc58833d26fdf9cc408122b08a62986337bad6b2,topic-image,image/webp
images/prophet_ismail.webp,images__prophet_ismail.webp,99272,861aea7bbb99eca59a9a0fa9f27f00e0c00ca5e2f802014ad882152eef095da2,topic-image,image/webp
images/prophet_lut.webp,images__prophet_lut.webp,116944,277ecce8f9a152d779ab8e5e06cfdf56c4cbf242e6e85055c9451d10d3141467,topic-image,image/webp
images/prophet_muhammad.webp,images__prophet_muhammad.webp,116506,de871745abd59ee7f8664f4004c353938de1332781389a1c4c34f13f21dcd8c1,topic-image,image/webp
images/prophet_musa.webp,images__prophet_musa.webp,98538,8bf3f12c001b675e7522a4dfde153559a2f0fe2692c0ef036eb10667b2dd71e6,topic-image,image/webp
images/prophet_nuh.webp,images__prophet_nuh.webp,100560,de009cacb9c77526e9de35f3fe524ea72f7a9194658e291892bb6b952b6e38c3,topic-image,image/webp
images/prophet_saleh.webp,images__prophet_saleh.webp,109136,ef733130a307a8120b842dca98a5e914aecfad9aeec2e14afa8390b3a4d2f7f1,topic-image,image/webp
images/prophet_shuaib.webp,images__prophet_shuaib.webp,112838,3e5e4311627b660c040395176467b977778985ffa425dce72520686b94609cc7,topic-image,image/webp
images/prophet_sulayman.webp,images__prophet_sulayman.webp,99288,9767150512db78ee2be57b99d4fa0d863e94ee6eda1e2a477b02cd0bc74c1a7a,topic-image,image/webp
images/prophet_yahya.webp,images__prophet_yahya.webp,110754,67701e8ecc67756c42783f715ab400d796c32500f29367e49f3443412d75b599,topic-image,image/webp
images/prophet_yaqub.webp,images__prophet_yaqub.webp,107172,bedaf7fe6946cf3bc45a53b4e1fc2cf0e9658557ccd1422177b19c6256b970e4,topic-image,image/webp
images/prophet_yunus.webp,images__prophet_yunus.webp,137306,545e5465be1c29b8d605b52053154ac9694b5462c67f5dcedb2a9d30a25b003d,topic-image,image/webp
images/prophet_yusuf.webp,images__prophet_yusuf.webp,114600,3c449be2494b4555dc97c385d942a74d50ae7f5dad356c2622463f3a9f0bfab4,topic-image,image/webp
images/prophet_zakariyya.webp,images__prophet_zakariyya.webp,99440,6980c8185812e6b778d4d722daf05824037babe6cbf042ebe247eaf308036732,topic-image,image/webp
images/quran.webp,images__quran.webp,61364,6e2514498a31b9fa26ed9939635e4d197b26eb213477f475f2b58c8f22399309,topic-image,image/webp
images/rain.webp,images__rain.webp,208578,4c282e0484d7842b96765946cb149d30d3f2568f870e336f583e37ef8dece604,topic-image,image/webp
images/scientific-references.webp,images__scientific-references.webp,146274,18b5127d90cad91611e8f68d3f88b1fdee9d959fcd4fc7a190b76b4bc3229da5,topic-image,image/webp
images/scriptures.webp,images__scriptures.webp,121404,33672d6b6d7cede886e7a21010664faef0fd96146923b58e81b6f3b9ae782a8f,topic-image,image/webp
images/sea.webp,images__sea.webp,187144,6699b0176b5fb6000fda8f47f12453fb6ff21c24dd954a4ecca1d347eec92a99,topic-image,image/webp
images/ship.webp,images__ship.webp,217480,3f601acd2ed9a085419748a8f168c33984b6cb2258b3dc7abe9e6c78b338249e,topic-image,image/webp
images/silk.webp,images__silk.webp,179858,03eca251b9bde43ca0a0851b51c37fe63d666fff70fe72c2ad335d8305de96e9,topic-image,image/webp
images/soil.webp,images__soil.webp,275740,0441a42230146ceedf97d5f0d414a1c0faa8bb8fb76f788ede76e3a5bf486e41,topic-image,image/webp
images/star.webp,images__star.webp,128776,baeed4af51cd753daf2963da2b2b6cde56b38571d1498b647c610f77fda9aec0,topic-image,image/webp
images/stories.webp,images__stories.webp,128800,c8500eab767f1e29eb6f8f36762368e40d91715c58c1014be835fd80679cab3e,topic-image,image/webp
images/sun.webp,images__sun.webp,218296,793d44f3e65061c53d2a412c25b00cabb54975c5dfade953b32699d1570c5613,topic-image,image/webp
images/thunder.webp,images__thunder.webp,75548,07e98118c33150b0e550806a545971d82e26477aa956db4b89661aebe13848f3,topic-image,image/webp
names/adl.opus,names__adl.opus,6156,161b85e065067298d6ee8d77861183f8b737060c9b706331f666f267ea1a8c5d,names-audio,audio/opus
names/afuw.opus,names__afuw.opus,6759,fa81c40dfd2783fdcf9fab1bece2ef9068e4bb228603fcb3661ce14d38069ae4,names-audio,audio/opus
names/ahad.opus,names__ahad.opus,4992,c84d5af29584aeb8482e2a40d49b850824ef42793e72452c833b00dfd04f60ac,names-audio,audio/opus
names/akhir.opus,names__akhir.opus,8405,5bfad6e1791d0cf1b3d58976c7df1bfd9747a6c0684454b67b465a4c8f8dbc45,names-audio,audio/opus
names/ali.opus,names__ali.opus,7467,08aed1676c31ae693145ea44f7304e126675763e662653c161dc8bcce08295e9,names-audio,audio/opus
names/alim.opus,names__alim.opus,13381,4e16f69cd3d49495b83480973ad51d609a83e0a4d51ac8dc33aa4dedb6dedb62,names-audio,audio/opus
names/awwal.opus,names__awwal.opus,7513,b3de7aede6eedc7bce68f9f66c1868e00530b4ee56600328e5a8b34688bb9a75,names-audio,audio/opus
names/azim.opus,names__azim.opus,12178,23b64756fd6f831574113c05d3345b4139aceade358b763dbfa6570d436f45a9,names-audio,audio/opus
names/aziz.opus,names__aziz.opus,11676,c54935d61d86767bdb85183137df2d364243b0b7ba7054ccd4a5ace8877014c6,names-audio,audio/opus
names/badi.opus,names__badi.opus,8998,92fb7e8b29c681461a06a2c990e12f1e89ad58b254f402fc32b4c9d4a4dd9c00,names-audio,audio/opus
names/baith.opus,names__baith.opus,10596,5cfa706660648e1ee0dc0bc6b200f8e150b2021360a9870aa13248267fc75f5f,names-audio,audio/opus
names/baqi.opus,names__baqi.opus,10487,87aac6cedf68e1a192ab8346b9c564c234e4bff2646a4dccc05b461f0f08e4b1,names-audio,audio/opus
names/bari.opus,names__bari.opus,11892,3b2fd55374c99ed0da1aa9743a929a86f91ece5fb3fee676a604ed2b1d6991b1,names-audio,audio/opus
names/barr.opus,names__barr.opus,6302,e5a0d0c677dc7d8b1a85772ec749ccaa67624907a2fc4931198e7da475f4d85b,names-audio,audio/opus
names/basir.opus,names__basir.opus,11777,3952cad049f2aa6b5eaa8f7d4df24364da59cd272f28284752fc4afeb75fb364,names-audio,audio/opus
names/basit.opus,names__basit.opus,12565,b0ba155da4593ce6f1cce61e99968e637ca6cf81cb3eefb4825079304ac18320,names-audio,audio/opus
names/batin.opus,names__batin.opus,7592,59c533fb8f18f55e70eff03ee4503935cfd52e378c3d97b96928874f2f06bc19,names-audio,audio/opus
names/darr.opus,names__darr.opus,9943,fef0a7190f06cb6b7e3616d9e8799fbcc37e8e5e577331fe8d768cd043ebd84a,names-audio,audio/opus
names/dhu_l_jalali_wal_ikram.opus,names__dhu_l_jalali_wal_ikram.opus,18761,4bc8df9fda5108c997cc83216c320832d1ef53ddcaa35ce2179dc121307a7a99,names-audio,audio/opus
names/fattah.opus,names__fattah.opus,17008,37ffe4d38573f03745b46f8b3b2301ecce39cbeda39d257b602744313675ba49,names-audio,audio/opus
names/ghaffar.opus,names__ghaffar.opus,17748,a63228061ca2e0a4fab608460272d684a7d9721c4ff158554ffd68e80274777c,names-audio,audio/opus
names/ghafur.opus,names__ghafur.opus,13174,3473661973523c015ad39032189d4333be5ce356f92bc5767eb1997080301aa1,names-audio,audio/opus
names/ghaniy.opus,names__ghaniy.opus,6509,5287461a1987554847193032d23fc9308f5b220cedb147c5a7e4240e505a1623,names-audio,audio/opus
names/hadi.opus,names__hadi.opus,9989,4ed0177830d41416cd3644b4d9c1574d81d4610d0c23b08178b492d32d53d569,names-audio,audio/opus
names/hafiz.opus,names__hafiz.opus,11668,ec23f5ca33c9f3746e1ac196df2d292fc0155869ac37981d6ec5e0e9581c364a,names-audio,audio/opus
names/hakam.opus,names__hakam.opus,7437,276dceb0d5bcdc5cc64126c1ce41d8d9979d19a3682036f40c5467fb7021cdeb,names-audio,audio/opus
names/hakim.opus,names__hakim.opus,11092,4c8d2aaccc8a53a1eb7db526ac3e359000b5c9f06593038938420b3aba9da38a,names-audio,audio/opus
names/halim.opus,names__halim.opus,12266,b4f18cfe6869635aabe9a4b9599da816db6fff5d60aa0630539659fa0a330a69,names-audio,audio/opus
names/hamid.opus,names__hamid.opus,12703,96f66f751a7c8c6239c94ea5e6236e35a1990698c07a33f029cfd15f53de1f4a,names-audio,audio/opus
names/haqq.opus,names__haqq.opus,6451,c27cc411ff4c6de1b0f7ec52d32bbc5a65cabcb8012d619305e26f832fabbcf2,names-audio,audio/opus
names/hasib.opus,names__hasib.opus,11449,8f0911b6b9ae9f3b9b5cf43bc86c21204409cb49204ec2411ed9ef44c26c8bf3,names-audio,audio/opus
names/hayy.opus,names__hayy.opus,7252,9606f7eef29e3da1442a63f6f7cd886791ff7680e26c4eeb068a55a6d553c1d8,names-audio,audio/opus
names/jabbar.opus,names__jabbar.opus,15711,13022118167fc77a4a87317c7f548fb3161b2443cd922996206756c538e76d6b,names-audio,audio/opus
names/jalil.opus,names__jalil.opus,13237,ddb5dcac0f045fbe92fd0355d135030bce76a7aaccf9c016502304d4414c88b0,names-audio,audio/opus
names/jami.opus,names__jami.opus,7914,9752650aba6dac0b45e138bff5b1b539c5610d92f3f86c0903ce41bd9c2ec171,names-audio,audio/opus
names/kabir.opus,names__kabir.opus,12816,f4d00e9f73827e69161e8347f727acc7483ec394a5e01f589b36bbbc72684318,names-audio,audio/opus
names/karim.opus,names__karim.opus,11173,caa6bd93ad752bdb5c9ec5c90836aef6f0d23be97bc28deccc8b5711bb7895e2,names-audio,audio/opus
names/khabir.opus,names__khabir.opus,10931,e05e08fe9922b497d0610fff282f1f48dbb10369d4a352a08680d3a711c96793,names-audio,audio/opus
names/khafid.opus,names__khafid.opus,7106,33b5f3edaa0d11a9993f94d5562f1e26e5f72133c0aad32ca0d34c804fd53495,names-audio,audio/opus
names/khaliq.opus,names__khaliq.opus,12780,966ec075aadbc7b4007850f60c6270a77936fb9fb3136f675042f795ad7759d6,names-audio,audio/opus
names/latif.opus,names__latif.opus,11603,cbf2f72fb46976669d1aa7266236e3bf0feb3d0fc4934dfc7ac39972692156a3,names-audio,audio/opus
names/majeed.opus,names__majeed.opus,12328,61939204da2b276ab015b68dc7cc70f2bbc9662ff0d62761ac8de2a6c116b435,names-audio,audio/opus
names/majid.opus,names__majid.opus,11739,0dbfe94d10583aa5b507e27d5066905f3e79b803b77f678568653e44cec25a17,names-audio,audio/opus
names/malik.opus,names__malik.opus,6546,d236e5d40569a73506d7bfabef57a2c45870b22c4390cad8bb351ec3f5164b22,names-audio,audio/opus
names/malik_ul_mulk.opus,names__malik_ul_mulk.opus,11299,0cd635dd4dc239792a764260ce1a130e4a3ffbf7005d45d124c9ca16b3795984,names-audio,audio/opus
names/mani.opus,names__mani.opus,9130,78f3ce2d9a083f227103bf7cf50e467d5a8e696373d44e6f0091c22755fe8245,names-audio,audio/opus
names/matin.opus,names__matin.opus,14223,a81275e580923746f33ddeba6a11681963607d6433b2930ea41b592cd55dc314,names-audio,audio/opus
names/muakhkhir.opus,names__muakhkhir.opus,8254,a7776acf311fab117a216df8cb2b083b128c8b824220ec0bdda6fef9ec441367,names-audio,audio/opus
names/mubdi.opus,names__mubdi.opus,10007,8fe75a96ed39122e74c9d6dd42d1cd0148a12d3c189f2910a5d954ebbc5cf055,names-audio,audio/opus
names/mudhill.opus,names__mudhill.opus,6702,85af0c41f97fd15f58100787f35a72c6cd2972b4946f657a5d039f2ab93ddc54,names-audio,audio/opus
names/mughni.opus,names__mughni.opus,9115,930ca7822d5d14752b4e9089a35001b76eef287ae88a707af9aeba22c0ca805f,names-audio,audio/opus
names/muhaimin.opus,names__muhaimin.opus,10206,f068f5b33737c516a24762ee2bcbbc2221c2a3a2f1385304fd63e9b87c6b6fd7,names-audio,audio/opus
names/muhsi.opus,names__muhsi.opus,10180,cad18957649d3c251f8a8ee60126aa5fdeedee3138b35eefb215703ce6a073a0,names-audio,audio/opus
names/muhyi.opus,names__muhyi.opus,10517,3f325252a1d2979c14c9ce5e3e472b98514fbf706f19c38bdc040b6c2a41b2ec,names-audio,audio/opus
names/muid.opus,names__muid.opus,11128,9848de558356dfe6804d5a9a65981d4ebcf7c0bb70f8b600da3a89cc764d0f7e,names-audio,audio/opus
names/muizz.opus,names__muizz.opus,7623,efb6891ab1e653b957afbf7d22d61343be7a83de066abbe5d8418c8c07bb3457,names-audio,audio/opus
names/mujib.opus,names__mujib.opus,12076,591e86aa531ab0c5cb85e7769b8158dc954ae84915ecb07eea952f9ff1874520,names-audio,audio/opus
names/mumin.opus,names__mumin.opus,9631,7b41b8de8b61b791d4415492b39fa9392fcb94e3d64c75b5baac1febc62d282f,names-audio,audio/opus
names/mumit.opus,names__mumit.opus,10525,08f29415caf0830114cd6960a263806e6356bd80845921ff3db4a3a62d547262,names-audio,audio/opus
names/muntaqim.opus,names__muntaqim.opus,8667,6757fffbcb5d2d89c6921fe7023450b358fd544539a36ba9a709798a336c3abb,names-audio,audio/opus
names/muqaddim.opus,names__muqaddim.opus,8919,96309efd784e84837f0f2d9fad18be00d660cf062d7b51dbe583732090a04263,names-audio,audio/opus
names/muqit.opus,names__muqit.opus,13132,7a32ee76ccae4ec8dbb336c15ec573328952168d61ff546440d2d247ee372deb,names-audio,audio/opus
names/muqsit.opus,names__muqsit.opus,9734,57986c8294ff70878cd0c176024c54673e006c51ab40b526a2f1e19986b93c7a,names-audio,audio/opus
names/muqtadir.opus,names__muqtadir.opus,9187,f9d06f2197014d8948c24e3de7df53977cc88a347749d0f6b7552447936bb0c1,names-audio,audio/opus
names/musawwir.opus,names__musawwir.opus,10170,f2eb6ccc37f88ab56bde431a2b14ebced34ae6783b9a579738da0d669cf9ea4e,names-audio,audio/opus
names/muta_ali.opus,names__muta_ali.opus,11970,94407779891a8150c64195f2a4e6e2495a2a1cafdce579f2a5324ae94802aeed,names-audio,audio/opus
names/mutakabbir.opus,names__mutakabbir.opus,9617,0bc277c5f3f1c0f48b95bcb8511ed5d3bcb8f5a165b7f6fcbbc4f6575ed5dc8b,names-audio,audio/opus
names/nafi.opus,names__nafi.opus,8430,8fc79289de7bf5b6cb5a670a0454417470b6d303ad71e3ec1a9020a46c1c86af,names-audio,audio/opus
names/nur.opus,names__nur.opus,9912,e0b221841cdf9f685f32a6ad1f4baa7c64f300c9c446907a804db367c8d7f4cf,names-audio,audio/opus
names/qabid.opus,names__qabid.opus,11342,830ccdfe827610d54bc52656d6367466da2905b60f73c5e6dd941bf053e40de9,names-audio,audio/opus
names/qadir.opus,names__qadir.opus,8838,7698853a05d347863b3fd12c8c214d163229e2200a5e678386188fd7f831d2c8,names-audio,audio/opus
names/qahhar.opus,names__qahhar.opus,16405,32865b0dab3033ffbae710d6f567da0cb12e5031d2b27a6e73ab94e0ed117e89,names-audio,audio/opus
names/qawi.opus,names__qawi.opus,6560,7221a3db162e74a27261e182dc3b61216831884db62fb609da18c4d9c13351cf,names-audio,audio/opus
names/qayyum.opus,names__qayyum.opus,12108,b1cc01500be1ac5a1e515e9161af5632e2e398091c90f7a2ff62808fa5c960ab,names-audio,audio/opus
names/quddus.opus,names__quddus.opus,13871,6aec3599e2ae0506ef21acc446a6dbe1ccc606d1b069e01f98c908769bfc1fcc,names-audio,audio/opus
names/rafi.opus,names__rafi.opus,8003,92d5b2829f67199a261b76432f604cbc447bdd8ef28230abb672845858431386,names-audio,audio/opus
names/rahim.opus,names__rahim.opus,14644,f102c7d977e10f3f366acddbc1907288bf3c9b873c83ef83f2b4c7e93b9b4276,names-audio,audio/opus
names/rahman.opus,names__rahman.opus,15351,2312bfb091cce5777d035dafdab6de823bb21bcb87881a26a435f482bf485930,names-audio,audio/opus
names/raqib.opus,names__raqib.opus,11648,5676b218b41e90325c2a07b8ca9d0587f4b0055a4953f13a863c450630e21c17,names-audio,audio/opus
names/rashid.opus,names__rashid.opus,10067,dc94cdc6dde77e36f62c95916a3de039dd23bd3db0d3927db4f42aeaab6aead6,names-audio,audio/opus
names/rauf.opus,names__rauf.opus,9056,0f0e10c35da9b7dd40c16632e4cce0d37736f639b14fa8fcd690446e686a8a9d,names-audio,audio/opus
names/razzaq.opus,names__razzaq.opus,16971,b682a3bf3afbd26d55eeb35b1c8a1c1efaee622cbca9c28378ab3de4123f9564,names-audio,audio/opus
names/sabur.opus,names__sabur.opus,12092,dc83b7072e50ac8786d17aa8a61107d2bc1666e47fea4da7edd361a318a7bb26,names-audio,audio/opus
names/salam.opus,names__salam.opus,13304,60639baf3f268c623238d252be30e550765859d7897ddd5f1b385238e33542fe,names-audio,audio/opus
names/samad.opus,names__samad.opus,6779,0ca2a4406a631d7069c9a482070dc69cae6e5dc6b29aeea817a67b81a745d6aa,names-audio,audio/opus
names/sami.opus,names__sami.opus,9862,2168881eecdce7d627ff5d27d0a2273a4623086768d1fc0000f0b6d6d05bdccb,names-audio,audio/opus
names/shahid.opus,names__shahid.opus,14129,c23d53da5a48d79e20ee35445710027da01dbaf07b085c429c3768b47ce035e9,names-audio,audio/opus
names/shakur.opus,names__shakur.opus,11984,fb7b8a374214d49066b7049d7db491aef7a1c08d1408bc12a3fba33b93703229,names-audio,audio/opus
names/tawwab.opus,names__tawwab.opus,14390,d8a6458ed79f1126c198d854c0385e86cc0c55ce1322d95ce2501e17d4db0844,names-audio,audio/opus
names/wadud.opus,names__wadud.opus,13009,478cad01c14596c33632f2e382ca380926cf80562f640c9e9aeb787dbdee0def,names-audio,audio/opus
names/wahhab.opus,names__wahhab.opus,16424,e4ba3977541717ef71a8a6e399dc3e8d9775c21796a9c3f12b0a491f937b43b3,names-audio,audio/opus
names/wahid.opus,names__wahid.opus,10229,f9e409f28788d786b6b02ecd923f0f6d29552dd4c421f90f41ac17d244c1f611,names-audio,audio/opus
names/wajid.opus,names__wajid.opus,13285,a3d43595007aa1c23a425ff5a10027c09828adf96956fb404b51aa669e491ff6,names-audio,audio/opus
names/wakil.opus,names__wakil.opus,11642,5c772caea24bfb19f270686b58f74bdea2850020c7d0fc1325e4ef92a10876b7,names-audio,audio/opus
names/wali.opus,names__wali.opus,8395,fb75ebcf71b45629e7c1972f38d9b7aa9d37205d9269e152b69614fd286946bb,names-audio,audio/opus
names/waliy.opus,names__waliy.opus,6017,195e992bf3ee5a3528b0ff78c669fe4f8d9d5fd9da14a0476cb56fb63c96f98d,names-audio,audio/opus
names/warith.opus,names__warith.opus,8355,98e8ba28b198cb8b7386d59c65d6488e3d0021abd5b731c92dbbd81888a04c84,names-audio,audio/opus
names/wasi.opus,names__wasi.opus,11871,b87ef5ff04e892e5e5ed4b048160bd12f36ad5d87f53699b3a6c749c152eb122,names-audio,audio/opus
names/zahir.opus,names__zahir.opus,7980,59cafc1f62b248e7e48dfc14c290356a19f3fbe990081a8eb535c129e0725a3a,names-audio,audio/opus
